ADDRESS,ENS_NAME,ACTIVITY,AUM,ANT,SCORE
0x71342c7e6B0C2493866FB5a2b2BB0beBfb7Fdb1C,,5102,11.187818521668182,0,0.21304547591697656
0x49C8C959ce8692978e4f3B169FFd179EC241adaF,budget.aragonid.eth,121,1780787.3897953283,530000.0000000001,0.1572320524106794
0x40204DaaCb1480019A7A6826C699903dF94eE019,network.aragonid.eth,31,592366.4632151568,732989.2997047672,0.12060231182258108
0x635193983512c621E6a3E15ee1dbF36f0C0Db8E0,a1.aragonid.eth,91,1030926.8028676605,345511.011,0.09667220824385142
0x3EcD508F87Ef27417474B0FDF8dd90A3b2B337C9,,457,227833.25508275264,281918.96142491046,0.06497064414447926
0x451119af1Af011897714200D604aEc5e17802B40,4c4bf6a8.aragonid.eth,94,1059606.6137051024,0,0.05556467276475839
0x57EBE61f5f8303AD944136b293C1836B3803b4c0,,801,0,0,0.033447469517287456
0x1030678E350Ee3AA845C29cA8c8cE0693AbE8144,associationops.aragonid.eth,59,85059.95625197688,74621.9299886425,0.015816180883517734
0xAf3098521355BC588424560155a40C5b4bf7185E,pinion.aragonid.eth,31,129908.78958648338,24999.999999999996,0.01071012211048542
0x5aAd137d8f7D2Dc6e1B2548c059B1483360bCC6a,,202,15054.841342371074,5255,0.009817016549685949
0xd6878C9974359CBB67e8583e7a6CAfB0fa20a286,commonsstackorg.aragonid.eth,216,0,0,0.009019542341740438
0x2Ab6c91aCBAbc7f856867F94fc2e2e0E395B8212,cbdaoone.aragonid.eth,174,26.417517170408935,0,0.007267029889017174
0xa365A8429FceFdbE1E684dDdDA3531b6e8d96e75,lexdao.aragonid.eth,163,170.06346571199074,0,0.006814701871284461
0x1c532BC3B37d05E30aaE367e4FACdCFC98F8a426,marsdao.aragonid.eth,146,12.160770983758063,0,0.006097135159045121
0xF4dAcf2EdB6E2bd88EB90C3AEf1e510153d38579,arca.aragonid.eth,111,24999.999999999996,0,0.005853407523489112
0xd4B98509B1323380414A23f36D36Aa570f71c8Fa,venturelabs.aragonid.eth,132,0,0,0.005511942542174712
0x8C38a7815Cefe22216421a7e9a7651753A5D4F01,aloha.aragonid.eth,110,0,0,0.00459328545181226
0x279489452DD8035F82326c8036f81d7Bd1C65e6c,global.aragonid.eth,109,1.4594057536674137,0,0.0045515994348928656
0x215b47BC9e8a7930E8Bc17693a7F3FE42AC8e205,blockdamdao2.aragonid.eth,104,444.2178168765938,0,0.004364391385382107
0x117d1F8CB4Bf6e74Bc5D667f15af7b810baCCCD6,,101,596.4268162026657,500,0.004308229772576378
0xd0e6765f2b08b8C93F3d8E07B790A13b1208e905,holdings.aragonid.eth,56,39626.282208418656,0,0.004269570770249266
0x5ECaD5DcC4B81C68B2b79eD80D391C79CD7f3C00,levelk.aragonid.eth,2,20202.390580283125,24995,0.0041520509460614
0x12b013C23F1918EaC4b5342117f0B202E048566C,,96,0,0,0.004008685485217972
0x58fF93E56B2ef18e0D969d6e9a5ba6d3c2081Af9,mesh.aragonid.eth,54,18162.030614206855,5000,0.0037569244759047705
0x564857b2a0AC99E03b020e606306Be2A419d6Fd6,trustcommunity.aragonid.eth,89,0,0,0.0037163855019208283
0xed83383b54a7fDb9185e15C259fC54a29b7e8b41,galt.aragonid.eth,88,0,0,0.003674628361449808
0x811537A8Ae4F062e034e807109EF6fFa05032d88,saturndao.aragonid.eth,87,85.85693080382904,0,0.0036370554239224815
0x08ac31Dd93c16F1f6c4A0FAE540bA1aD52f581d0,sf.aragonid.eth,84,52.83503434081787,0,0.003510174693684922
0x6218a1490182c97390bDfaD033Ed121B1Ca8ec8F,association.aragonid.eth,83,9.24283514567077e-10,1.1036219e-11,0.0034658426590947517
0xC63627255269DDC12dE3BEE4d7E6526DDa59aF70,6ef0c0b0.aragonid.eth,66,13218.758607930888,0,0.0034001821479664844
0x2dE83b50Af29678774D5AbC4a7Cb2a588762f28C,,79,53.09920951252196,0,0.003301401865800415
0xF47917B108ca4B820CCEA2587546fbB9f7564b56,,79,0.26417517170408933,0,0.003298826971681219
0x8eB38a926C096c5d99e71D84973b8E9C690B99A9,brightiddev.aragonid.eth,65,3750,0,0.0028969688702972104
0x36880251bd3243Ced5cAFe54805C192E89439DEE,landingblock.aragonid.eth,64,0,0,0.002672456990145315
0x40A1012eb865E928AB45FC1d041A216024C21e55,tellor.aragonid.eth,60,0,0,0.0025054284282612325
0xE59cd35e68A8C51AdDa1c9F4681024066e13FF22,metagame.aragonid.eth,59,0,0,0.002463671287790212
0xf6b32eEe531A651DCa4aC81bA9aED06CcA2495C0,brightidbiz.aragonid.eth,57,504.1,0,0.0024047241173210054
0xaa95B84C444c5FEd9f43ac0045b874Aa95a3040f,,55,0,0,0.00229664272590613
0xc360749B6bFD447881Fc6A77598434B9336e2CB3,deficy.aragonid.eth,54,45.70230470480745,0,0.002257112868848214
0xdD80922B1C2B6C6D3b7c498515650259387f73Af,1abd78238e.aragonid.eth,54,0,0,0.0022548855854351096
0x279dDB39EA2aF95AcDD1f45E6DCBD84C121CB7a2,brightidcomm.aragonid.eth,52,1367.4,0,0.0022380109927703025
0xf709BeC6c3BBF287f32f09a5D213B3b1c07D34b0,leo.aragonid.eth,52,9.134828906957381,0,0.0021718164867007804
0xDAF9BEC2FDca88C43F587781C73F4D2ae049f48A,1hive.aragonid.eth,34,14615.30990090592,0,0.0021320140176934645
0x111f04A89B6D4B8988e8c0eC0C1a00F74D669e8D,aaron.aragonid.eth,47,338.88974211953246,0,0.0019791012572317186
0xf0F25e74CD1556DB3af4958c0CA1c417618d038A,shipr.aragonid.eth,46,2.6419443007410655,0,0.0019209572157583938
0x70C2B59e2a6C6AAa434A0301bc5448eD73E2ec93,,45,35.204758585204466,0,0.0018807870109267956
0x06A0A7257546FeC3042c2FC2504c4De21C2b94ab,centrifugelabic01.aragonid.eth,29,13265.680121658752,0,0.0018574546516125293
0x97C4a85e6086f40526F405e3166620aA03c4dE0f,abeseba.aragonid.eth,44,0,0,0.001837314180724904
0x0b6F260C19677d6f939E8B8E8Fa4Ccf67953EBaC,rdao.aragonid.eth,39,0,0,0.0016285284783698012
0x06Bdd90Cc7122D4531ab7CbB3C22D265Cb112ABD,,22,13973.102427219159,0,0.0015996306094612886
0xd9cE3e144E93023F2D2FD28E3ad51EDb3Fa3C32B,quadrowalkers.aragonid.eth,38,0,0,0.0015867713378987806
0x68EadB412B491F7484B23316316A580A9cd8385b,hemp.aragonid.eth,38,0,0,0.0015867713378987806
0x3C307FeFd3D71c3Ca8a3c26539eF4d47c61B6565,,36,6.7804586000274005,0,0.0015035874998757704
0x330b768f5A2f54F90fe5cCeE8806b6738560Ba1d,,35,0,0,0.0014614999164857191
0xB79897d5557e388f1Cbfa4bCBd7e38b7489AAb9e,bitcode.aragonid.eth,34,4.491546164201135,0,0.0014199616697080327
0x77d1F6460063168DE967d1e4AC3A930e06515dc8,associationboard.aragonid.eth,30,0,0,0.0012527142141306163
0x0163C547B4aBd1672E213291cc62582c357868FE,2001.aragonid.eth,28,5.283503434081787,0,0.001169457422600495
0x366191016B4C850EE0A338cAf857d11E0AD46B54,fundraiser.aragonid.eth,27,0,0,0.0011274427927175548
0x65913c1EEEFE07040f6289E2DA544f480d8f2a9C,stablecoinsmarket.aragonid.eth,26,68.60086234444958,0,0.0010890288876437724
0xa26A95daD706533a364f618534A5f8a048486Eba,what.aragonid.eth,26,10.567006868163574,0,0.0010862006310703735
0xd924B49499c0441A7eD5166e38E55311fD95e6Dd,18638a526a.aragonid.eth,26,0,0,0.0010856856522465342
0x3983245C5Fdb967F5799A5F3b14a1987a39f637E,autark.aragonid.eth,26,0,0,0.0010856856522465342
0xF376126B85F0DA8fa273E8aCaa6a0d3232A823d5,splunk.aragonid.eth,26,0,0,0.0010856856522465342
0xF95aEAADc21d0A0Ad51f29a01ECB226453210Cd0,romagnachain.aragonid.eth,25,0,0,0.0010439285117755136
0x37F70a5161cc7cCa39e2877457C00647353beE74,dappnode.aragonid.eth,24,132.08758585204467,0,0.001008608606602484
0xcD3d9b832BfF15E0a519610372c6AAC651872DdE,,24,12.532470145642,0,0.0010027821361895664
0x454Fc552C5E38206d2DA572C190686E7C4d01Eff,bittopia.aragonid.eth,24,0,0,0.001002171371304493
0x87069fA9543071D042aF6105479EA163f333422c,consensus.aragonid.eth,24,0,0,0.001002171371304493
0x5251fB0B3FaD70adf1c2153D4320eb73a7f2d531,alliancedao.aragonid.eth,23,0,0,0.0009604142308334725
0x67757A18eDA83125270Ef94dCec7658Eb39bD8a5,blankdao.aragonid.eth,17,5059.229168194892,0,0.0009564308839058416
0xdA9dC37161Bd201c06b94d605d05B6C9fF6d7C7e,,22,33.13401373632715,0,0.0009202718631771094
0x1FAB13C7Cad8d8314400007ad7875fF24D006070,sem.aragonid.eth,21,2,0,0.0008769974190859279
0xE1aA7Eb76fD5623BBD5c07B48012097b190bDD09,brightidres.aragonid.eth,21,0.11,0,0.0008769053106971288
0x45649A86C50Fbb28834bd78d6d8525B32A2b0027,kingston.aragonid.eth,20,113.4262928598146,0,0.0008406705941202942
0xb788256177F8398babdDb1118bc4aa0557Ed8c65,mydaodashboard.aragonid.eth,18,1643.8758585204466,0,0.0008317421563694575
0x6481778245c9fCd2592Dd9FBcc540Dd60531b52E,mayuyaland1.aragonid.eth,19,0.26417517170408933,0,0.0007933985434199863
0xF0908d714e0F09E882F9E33634A0FBDc8B85D16b,buildao.aragonid.eth,18,23.775765453368038,0,0.0007527872308320082
0x5263E81450a47F66E11D86751bD9EB655F8801e5,ohana.aragonid.eth,18,0,0,0.0007516285284783699
0xb820DbcD14dE2005C7279C6c2505A34A4516D60d,radspec.aragonid.eth,17,201.41751717040893,0,0.0007196873895853883
0xfc093C061d8E16fF7522a126705c9e1202377E8B,expdao.aragonid.eth,17,0.1,0,0.0007098762614670741
0x657686fBe3F2Ff0366E85902801D5e07A6d7a120,yamatokoku.aragonid.eth,17,0,0,0.0007098713880073493
0x8f3DE2AeAc5A6169ef03754c43900e4a05b0ADC8,matrix.aragonid.eth,17,0,0,0.0007098713880073493
0xFE1f2De598f42Ce67Bb9Aad5aD473F0272d09b74,,16,5.283503434081787,0,0.0006683717369482484
0xbdc76C6543B12AC1853d57EF46b99116b32ffe30,themis.aragonid.eth,15,26.417517170408935,0,0.0006276445541249063
0x2f68B02449841af560a245023FDea47D600Ddcf5,freedom.aragonid.eth,15,7.92525515112268,0,0.0006267433411831876
0x65CA9534923a43315b24C4EDA99061072BfdE29f,fol.aragonid.eth,15,2.6417517170408935,0,0.000626485851771268
0x13EC2192eD86DD518Ee5Cf3702313FAB922246d2,bchai.aragonid.eth,15,0,0,0.0006263571070653081
0xf5d83923C362068C44F70ad9038793d559A17289,blockaid.aragonid.eth,14,2,0,0.0005846974357887841
0x72F86c03eA442f49784eA18110aA14f7b751663E,brightidseed.aragonid.eth,14,0,0,0.0005845999665942877
0x92796031303B5431672b5364ACDfEae782Cefbb7,m2.aragonid.eth,14,0,0,0.0005845999665942877
0x64723D95751A73e6316d7248c9259BBfeA2F7C5D,,14,0,0,0.0005845999665942877
0x592B213bf0176c1f3b2a6F5EfE632eAC4b5453EE,committees.aragonid.eth,12,902.5274888514772,0,0.0005450699993268827
0x5EEd3C88c66F1B24016c0beD68c8cef427F576f2,socrico.aragonid.eth,13,39.6262757556134,0,0.0005447739967126644
0x8d78De2c03406e2b37FE65DB57b3Be4e8063831d,,13,5.013484550891441,0,0.0005430871562736651
0xC63cd8A583a03db0e7457cb2ea8e2181C919eCD0,zalupaproject.aragonid.eth,13,0.0026417517170408936,0,0.0005428429548679731
0xA323B631F3fEE1471c8D520AE48DAE907Ffe6Ff0,matrixvoting.aragonid.eth,12,79.2525515112268,0,0.000504948026831041
0x2e94E7cf107489013641C2056b85e13606d824fC,buidl.aragonid.eth,12,61.954214899189886,0,0.000504104999363189
0x84aB9D23ca5b77e1A489C5622D72cBE2df77B89c,liberty.aragonid.eth,12,35.47175963859705,5,0.0005034313072151959
0xDDFCEBf50cab270C4c8985904Fdf756658055ab3,empowerthedao.aragonid.eth,12,1.002696910178288,0,0.0005011345516823261
0x68E254831A1C2a5957582915411d297eB660be4b,solarfamily.aragonid.eth,12,0,0,0.0005010856856522465
0x81Ed18582237895f91309432FA014fcb93b1161f,guild.aragonid.eth,12,0,0,0.0005010856856522465
0xc467e2d2D62bCf4F597EC5C9d43aB05AA31df614,blvd.aragonid.eth,11,0,0,0.000459328545181226
0x3b2667f1C495632B7F4b569588B67bd951dd8124,justice.aragonid.eth,11,0,0,0.000459328545181226
0x0Ed499a621f03569d137Ac2d6Ce2c0b6B8616be6,budgetcommun.aragonid.eth,10,15.85051030224536,0,0.0004183438729459643
0x058E126D6E9cf3eB49521c6640f51bDB18e4A93C,hibrettagain.aragonid.eth,10,6,0,0.00041786381229369485
0xD71D16Aa80AFBC7cc20D2217E068729d7a4AdDF8,nurv.aragonid.eth,10,2.6417517170408935,0,0.0004177001494161653
0x2aCeF0794E9dCCFEAcad5A3D2CDC8063bC7580a3,d5.aragonid.eth,10,0,0,0.00041757140471020544
0x4462079571495FC9357b8d3079DEA5ED8442e590,sablier.aragonid.eth,10,0,0,0.00041757140471020544
0x9b2C6A63Dd6B51316Af81Df59bC22C684D7E244e,cryptoart.aragonid.eth,10,0,0,0.00041757140471020544
0x9CDe5e87Aa0232142755C6A2d31520eB2A6e7e8a,,10,0,0,0.00041757140471020544
0x206d8e194D88f80f9c48022a1817fc6e3fd41971,rough.aragonid.eth,10,0,0,0.00041757140471020544
0xab2AFe1C6345fb9EC68dbbF8b95A273AFeCB3B2b,al2fundrising1.aragonid.eth,10,0,0,0.00041757140471020544
0xb096b18fdE004a784FF894DcBC1153cA2c1fDAd9,inversespace.aragonid.eth,10,0,0,0.00041757140471020544
0xA34B3e2F0315570E203b26aDf241CCFdB33Aaf0C,universarepublic.aragonid.eth,10,0,0,0.00041757140471020544
0x1A61074661517B645209Ea7939FF55f1136433Bb,mcdtest.aragonid.eth,9,52.83503434081787,0,0.0003783891583583813
0xDE43b53A25B4Fc5aB6e10FB8f6E45FFEb2FD873A,codingearth.aragonid.eth,9,22.430813854643613,0,0.0003769074209183411
0xB9aEab669644F023770557361426849D91cCcccf,bytestrader.aragonid.eth,9,2.6417517170408935,0,0.00037594300894514476
0xECc46FDfF8723333a4C31B2b86C442E52617E96A,compain.aragonid.eth,9,2.6417517170408935,0,0.00037594300894514476
0xFE70DF85f4A79D7472Fb70598d259621BdF6B5cC,marsxr.aragonid.eth,9,0.36444486253992725,0,0.00037583202531278
0x977B2035AbAEe3102C305B79c0CCD9808A444E69,testt.aragonid.eth,9,0.26417517170408933,0,0.00037582713870978093
0x6A805afF06edd4F569052DA231bb95F5c9047654,test091.aragonid.eth,9,0,0,0.0003758142642391849
0x16908c07a590060315cbdc562D255aF74652952c,newyear.aragonid.eth,9,0,0,0.0003758142642391849
0x56288EaB2f51CcC0419df787F779A8eE57B2e5B4,futurefreedomfund.aragonid.eth,7,1111.6139437581278,0,0.00034647404114171643
0x9c4EB5479568F1D8757D96f234517ab0853242f1,me.aragonid.eth,8,50,0,0.000336493853630576
0xeA72dD1Cce132AeE24871A5F512957bf4E5913B4,xnvno.aragonid.eth,8,6.6043792872656075,0,0.00033437898553280383
0x7238157bA2ee60B59004459c7BbFE522dE27bfCd,fabspace.aragonid.eth,8,0,0,0.00033405712376816435
0x3938e34e12664Cf9Ebea239f171dCa0e17779C06,shipper.aragonid.eth,8,0,0,0.00033405712376816435
0x9B99EE1feB8E88f399d9EFa72ccF67E4ae0970cD,thesandbox.aragonid.eth,7,264.17517170408934,0,0.0003051744538931255
0x332A97bD7E30411e654C1984b3f99a553C8cE88F,defibarcelona.aragonid.eth,6,900.84,0,0.00029444491741122174
0x5869374deFA1661972e42027Fb493a7aA278afC3,tbf.aragonid.eth,7,2.488715648991483,0,0.00029242126985196284
0x4A4e0D2690A11A897613654B6A2E061a99128A93,frontier.aragonid.eth,7,1.002696910178288,0,0.0002923488493272234
0x175991e0828E578DB0092b034ec9cd5449fD08Ed,yolo.aragonid.eth,7,0,0,0.00029229998329714384
0x85c999Dd7187d6F00A4F46373Ea2B96C85C45595,murziki.aragonid.eth,0,5811.853777489965,0,0.0002832383531115966
0x4Eef8CFf7fd9bfab6CbcDF05b74d2161cadAFf52,valtech.aragonid.eth,5,1036.0144789251203,147,0.00027741288824117716
0x8110489E2C26C7A4c6679e64A1563355135ddF11,commonsdao.aragonid.eth,6,252.7,0,0.00026285807555075184
0x22aa72B16aB19c57e17686B785051711c68859Be,d5dao.aragonid.eth,6,116.7,0,0.0002562301703249921
0xD8Bd4C3eA0e757DB6016e2542bc4B2ec7624711A,yachtsocial.aragonid.eth,6,17.011560528676565,0,0.00025137189437705225
0x0ee165029b09d91a54687041Adbc705F6376C67F,video.aragonid.eth,6,7.786120692565429,0,0.00025092229628220157
0xB04f0e7d7C9c74eBe2A33197034C24C1623781d7,traders.aragonid.eth,6,0,0,0.00025054284282612327
0x6DcC276eCeFFd90Cb7E98e5C582049C6750DED99,karatstars.aragonid.eth,6,0,0,0.00025054284282612327
0x1674278E5a0C39ea94c293880ee5ECe9811aaFB0,pegasigroup.aragonid.eth,6,0,0,0.00025054284282612327
0x4763bB5EC08c2b3D4CF5fB5Ae93F5e369D71e2c1,blockchain.aragonid.eth,6,0,0,0.00025054284282612327
0x21CaC14D8D9473974205aDeeADb710FE34582f67,orfeed.aragonid.eth,6,0,0,0.00025054284282612327
0xF70f4a46e220B5a399c41CA4Ff83Fe44b592e86d,wellinvested.aragonid.eth,6,0,0,0.00025054284282612327
0x498F10D66962B31aCA5143f8d8E2f10F272096DB,o.aragonid.eth,6,0,0,0.00025054284282612327
0x7091d8fd9221f41414666eAfbFD0cf5C309b1A4C,loxcapital.aragonid.eth,6,0,0,0.00025054284282612327
0xc728C2da7e5d58e00cBc6cB5F66a88588871C2EF,yphnago.aragonid.eth,6,0,0,0.00025054284282612327
0x29f6714c4e3bEf74df5896ab492eC9533Fbd650a,libria.aragonid.eth,6,0,0,0.00025054284282612327
0x9e1f0b6dB6F10fc9f1D0357D233AbE55e4a0cf20,trakxcommittee.aragonid.eth,6,0,0,0.00025054284282612327
0x215EABC98685f77a64b33E14d4cEDc1c9d1476F0,gohl.aragonid.eth,6,0,0,0.00025054284282612327
0x9119d531DCe40F24012896B403aB090edb6b5474,blogdao.aragonid.eth,6,0,0,0.00025054284282612327
0x81AB05c3aFA7A30F335591d150bB1b3679cbbeCE,timewalk.aragonid.eth,5,264.17517170408934,0,0.00022166017295108438
0x70e071F3886484C0923bF4527aE7aAa3EeC5c811,apiary.aragonid.eth,0,4532.290303696879,0,0.00022087934256274027
0x0D72C8ebEFE842Dd0D8fc6071CD01bF7Df0e665B,939f24465226c77e8b9416aee3b4ed4bcd68b45a02ae4c0dfafaf6a65b740511.aragonid.eth,5,50,0,0.0002112224322175144
0x6916826E531849Bf37658A242fAa4E5213b9eB9e,secretagent.aragonid.eth,5,25.263220195052238,0,0.00021001689521650202
0xDaEe1E30a2d70c707Ba8A4234b84A6a1e75AbA1d,rbi.aragonid.eth,5,13.208758585204468,0,0.0002094294258849018
0x975dd58dcDc565b08023732D645DA59A9E631e22,morocco.aragonid.eth,5,2.6417517170408935,0,0.00020891444706106253
0xa85D73eA8f00482A3a4C94b126884aC48A0B41F8,mfa.aragonid.eth,5,1.002696910178288,0,0.00020883456838518232
0xA76bf5DAB0b72b6028AC26d986dA73D5D9dFeA0C,mglobal.aragonid.eth,5,0.3434277232153161,0,0.0002088024391668775
0x7EE8a366a0c001Afa9CDfBD517fbDB9A0f7A5Ae3,mta.aragonid.eth,5,0.026417517170408935,0,0.00020878698980216233
0x1E76ae9610E678cB1a8379252C0BdA1a78307a23,valtechcreative.aragonid.eth,5,0.0002641751717040893,0,0.0002087857152295733
0x016f8665aC8B24A245cDdB73dCf27439F1879a40,scottrepreneur.aragonid.eth,5,0,0,0.00020878570235510272
0x5077c0078652358Fd838e998b7Bf5Cfc6d63Ef1B,events.aragonid.eth,5,0,0,0.00020878570235510272
0x945CC340eBff2A2429986CFA2706B62EC78aDA81,lunaciadao.aragonid.eth,5,0,0,0.00020878570235510272
0x908615232e1c5Eaa59917461e44795956095BE91,,5,0,0,0.00020878570235510272
0xEC5E193D7eA3F7Ab14e087022856c17Bf7a8e8cD,ioera.aragonid.eth,5,0,0,0.00020878570235510272
0x78606Cf5fe2F81F69E6fCDf48d8E6c09e6427cBE,monedapp.aragonid.eth,5,0,0,0.00020878570235510272
0x1d7D47c3659FEe89EC32F3871b6A276ad0079786,asado.aragonid.eth,5,0,0,0.00020878570235510272
0xE7727745a8150F36fAB6a4C251Dd42b48E436142,,5,0,0,0.00020878570235510272
0x2d8dB8E711d7119eFBDb4aBE046AB0Fa14fB078D,coffeedao.aragonid.eth,5,0,0,0.00020878570235510272
0xe3689D40011b4B523c37459586936FE4c18Bd3b8,mimirsolutions.aragonid.eth,5,0,0,0.00020878570235510272
0x46683af9232836ca156a7453B5Fc15ddD4103411,neonshoe.aragonid.eth,5,0,0,0.00020878570235510272
0xeBad5B2C75aB8c71db977e1eDb6A29317D4Db3F7,insertcoinlab.aragonid.eth,5,0,0,0.00020878570235510272
0x7F05C18362a43401E9Ea195411B665FCa04243AF,wagstaff.aragonid.eth,5,0,0,0.00020878570235510272
0x393D7bd9fF8D06046fa38bEC4458Ce00335EB1BC,circle.aragonid.eth,4,601.3052056476608,0,0.000196332928904587
0x65a8980EaeC07e55dcA2D24c8809e2F4f4224fd3,flora.aragonid.eth,4,528.3503434081787,0,0.0001927775030760455
0xE7a4D897a3f63C2cb9C2Daea0ae204B18f30322a,streaks.aragonid.eth,3,1003.4962186046218,0,0.00017417640546688292
0xC27ADc37D1bf50e85A066De09092B01C21f7Dd7E,research.aragonid.eth,4,10,0,0.0001675159078565645
0x757069e52Cb0a273ddEbD0B4708ED7E76A422363,andrea.aragonid.eth,4,7.92525515112268,0,0.00016741479600196162
0x980299A10910b43b7f22917D8a3cF6494f285C76,catski.aragonid.eth,4,2.6417517170408935,0,0.00016715730659004198
0xA8bF7876104FBd0E100138403Ef613F9116645b6,tasit.aragonid.eth,4,0.5214023932927099,0,0.00016705397221972355
0xc108D209521eE6053F8E8cfBEA16250B7553DE86,mobile.aragonid.eth,4,0,0,0.00016702856188408218
0x29b7D40fFa860C0A70B2495621141Cc0e3f8E556,iasi.aragonid.eth,4,0,0,0.00016702856188408218
0xa08A5caE943256522609C8Cf1CE5d6881b3F2664,,4,0,0,0.00016702856188408218
0x37185A0fB1c8aEad2476356A91FEB291A9D244c8,evalir.aragonid.eth,4,0,0,0.00016702856188408218
0x6B1432FC5e658fd33Dce64845ae33CeF5FC16e1D,kaihua.aragonid.eth,4,0,0,0.00016702856188408218
0xCE1c7387Ed8b503Ead2E44421F26CAFFCA1Bd45C,trivium.aragonid.eth,4,0,0,0.00016702856188408218
0x2B9F3a39b4ab8e14D5920BF2BDaBE99401851445,banana.aragonid.eth,4,0,0,0.00016702856188408218
0x8049ac00815fDa4057B06799248F69eF9B623a13,ecosystem.aragonid.eth,4,0,0,0.00016702856188408218
0x0F74c9AAD8212Be95050fAd7569b51C96D6e7755,foundry.aragonid.eth,4,0,0,0.00016702856188408218
0xCd47c8Abf01E4797A54b91802dAd0A723030d72D,blockchaintravel.aragonid.eth,4,0,0,0.00016702856188408218
0xee933c13C9A7e305080bf46f2a449bA635E436FF,squad.aragonid.eth,4,0,0,0.00016702856188408218
0x780ac25A2862bc5ee3De388B1a881e65C5421a02,feedpack.aragonid.eth,4,0,0,0.00016702856188408218
0x78B1443623e7062FF67b441dD047888A4Ea4c656,testvikas.aragonid.eth,4,0,0,0.00016702856188408218
0x97D28635ab8ebC85e04F23D0c578d9e7CcF6519b,aira.aragonid.eth,3,217.92661587521826,0,0.00013589198726741083
0x666d52cfb71775E05928af037943961a1ED52037,medhack.aragonid.eth,0,2750.822968094759,0,0.00013406024945128772
0xaB2Ac3580c3ce12AE9C345c3Cc90057afa243eCb,convergence.aragonid.eth,3,164,0,0.0001332638953617719
0x52a7441d6c496B178aDfa9a4fd9FA7bE6A845EfD,tasitproject.aragonid.eth,3,120.06805393820356,0,0.00013112288966411913
0x17B751a0542a823a406f1F9D931F13E77B963331,papayaseed.aragonid.eth,3,23.458755247323133,0,0.00012641467440198482
0xF452605BC44c5c59D8E9D986EeD3e4470d81f283,xnvnox.aragonid.eth,3,13.208758585204468,0,0.0001259151449428607
0x46dbaf58EF43C9fa821EE0a75607B78B952fb2FE,rainbow.aragonid.eth,3,5.283503434081787,0,0.00012552891082498127
0xD1EE11B74124898edF35838759caad512172D57c,airthereum.aragonid.eth,3,2.6417517170408935,0,0.00012540016611902144
0x6D592bCB2C8CD4E596760602C3C2711266327f3f,flybyairthereum.aragonid.eth,3,0,0,0.00012527142141306163
0x533701ebdc259BC49Efbb73f091260d0cB7cc2F5,friendsofagatha.aragonid.eth,3,0,0,0.00012527142141306163
0x8Fd8359E48486F731DBEcce50b7d9387ed2CF5d2,empowerthedaoethberlin.aragonid.eth,3,0,0,0.00012527142141306163
0x24D145d01DBB06929063980F7D3BdD425fa36f0e,conviction.aragonid.eth,3,0,0,0.00012527142141306163
0x766d901cE40C7567A53734b443409b54aBa90b3c,brightidvoting.aragonid.eth,3,0,0,0.00012527142141306163
0xb70fa79576239393C4d1E352F42EA3Da19156b94,devpramoth.aragonid.eth,3,0,0,0.00012527142141306163
0xBA3dE7C0De98E036a4adaF114C2bf62B683604d2,meritum.aragonid.eth,3,0,0,0.00012527142141306163
0x65681f9B2a6ef1F41e260341CaB62cf0C4FD3891,selftoken.aragonid.eth,3,0,0,0.00012527142141306163
0x8478BbF233E769138dF2270f062BE46d7a97cB25,polygyan.aragonid.eth,3,0,0,0.00012527142141306163
0xBbf97b6c6Ab6a430D53813A3Bc247F87d6cF13CF,papayafoundation.aragonid.eth,3,0,0,0.00012527142141306163
0xA01eF331da13467C93C03c28C50908e8A907CB86,zarathustra.aragonid.eth,3,0,0,0.00012527142141306163
0xdb39823B2df03860bD02c29C3881E826feb6c367,p2.aragonid.eth,3,0,0,0.00012527142141306163
0x361F0F83c7C930B1f3394b509dbB2914a270602A,eabuddies.aragonid.eth,3,0,0,0.00012527142141306163
0x33a31fA5D656A35ea6dfA897fFe0E1e367bFEa9e,gwil.aragonid.eth,3,0,0,0.00012527142141306163
0x3b48eABA25CfB3846a3698C2c7E96944F907DDA1,omgpool.aragonid.eth,3,0,0,0.00012527142141306163
0x5324De7Ed80AB582e131D8CBd1125e1b2d993297,goerge.aragonid.eth,3,0,0,0.00012527142141306163
0x7f7400f792D931a317D09eFF54826B0EEcd92fee,universa.aragonid.eth,3,0,0,0.00012527142141306163
0xb97058B2885f3144f531534Ee9E9FA3864cd93eE,dimensionlab.aragonid.eth,0,2323.5727686987348,0,0.00011323838305949512
0x54Ba910E81B10b347CE9dAc4BE3324Db8F7b90e2,sandbox.aragonid.eth,2,132.08758585204467,0,0.00008995151624003192
0x85677d14b90617D88225872f8050D80Bb9E510F0,books.aragonid.eth,2,98.39737331222173,0,0.00008830963730069628
0xCa0C44754e37860E211D7695088155e4043D871D,reflyx.aragonid.eth,2,66.04379292602233,0,0.00008673289859103651
0x8D29b0ff7111cDBD0038C65e97B5b3f4DC667e41,dc946deb.aragonid.eth,2,26.417517170408935,0,0.00008480172800163925
0x607127BF5a7CACfb270cF5Da2dFDaF0Ffc53d588,empowerthedaodemo.aragonid.eth,2,16.849260145187706,0,0.00008433542284914751
0xc1Bd990130CC140689Fc95BC55808F5b7c5B35AE,offworldertrading.aragonid.eth,2,13.208758585204468,0,0.00008415800447184018
0xa268fa85FEe1146689faD186A246a179b10554ee,luizfernando.aragonid.eth,2,6.1653584419526135,1.0912,0.00008394938374554925
0x8E638C5A74b3bA3742eE68b35FbE20a12ff829ef,herb.aragonid.eth,2,2.6417517170408935,0,0.0000836430256480009
0xDc5C7527c4Ef325c4d9D08A02f80519a7FbDC217,amigoz.aragonid.eth,2,2.6417517170408935,0,0.0000836430256480009
0x2e32167A4746Ea8A42bD448d540A84FFF505F1E4,brightidcom.aragonid.eth,2,1,0,0.00008356301553928932
0xc0c38670A99D657D3879619EE4e610b57135d2e1,thestudio.aragonid.eth,2,0.5283503434081787,0,0.00008354002988323306
0x95Bed8E957Aa5B49e7723F19Ab3010e36E59df02,zoo.aragonid.eth,2,0.26417517170408933,0,0.00008352715541263707
0x7A5030B182a885ad6ae5105F0960F7a8E2503331,scc.aragonid.eth,2,0.0002641751717040893,0,0.00008351429381651169
0x2A8a84AD1FA8E6152d86407E94b0BD2D9cDB1296,jake.aragonid.eth,2,0,0,0.00008351428094204109
0x08AB50B074775893fb78888bF4103f126DB29024,movement.aragonid.eth,2,0,0,0.00008351428094204109
0x7092AEbBcD86Bc499805cf7FB5189B4c2581658d,credit.aragonid.eth,2,0,0,0.00008351428094204109
0x80a4606feF366b8FA605af4CFAf19A3f0216Cb8f,daouno.aragonid.eth,2,0,0,0.00008351428094204109
0x7dcB560EdaC7e7fe0733f4fAB0a8ff2a03965453,decentraland.aragonid.eth,2,0,0,0.00008351428094204109
0x6F25CaDB127a00Cee6dE9F1340C9a48f439C5BA0,,2,0,0,0.00008351428094204109
0xCe3aF79395eAF23B0742328B839b0c1eb5466D23,pool.aragonid.eth,2,0,0,0.00008351428094204109
0x10CfA48fE311e4c3f5f0F4BC0A7d1eF26E963a80,sexhackme.aragonid.eth,2,0,0,0.00008351428094204109
0x10bB053Eeeb0FB65f2280Fa68C095033c61d024f,roughsimmons.aragonid.eth,2,0,0,0.00008351428094204109
0xb8484d43aa5393Ac32A9B2C572875A5f53fC8392,,2,0,0,0.00008351428094204109
0x56c47803bAc4157Af5F7Df779FEaFB48e4f7F1dd,solarfish.aragonid.eth,2,0,0,0.00008351428094204109
0x5C79a12e3E4aE5972BB290Fa45dC65B73e4F40b8,k1.aragonid.eth,2,0,0,0.00008351428094204109
0x376B3053944bc92F7D5A0e65CEBe01C034F5D4f6,daoscan.aragonid.eth,2,0,0,0.00008351428094204109
0x12a183f94a1A5E141808FC9116d2cA6516E77071,herronenterprises.aragonid.eth,2,0,0,0.00008351428094204109
0x4ae2eaA4E4935f57961C2c36175a021c5d2220D1,idle.aragonid.eth,2,0,0,0.00008351428094204109
0x984bCac3Aab3d7d6A80B27E2Fa09929BC3Ef9731,bctvault.aragonid.eth,2,0,0,0.00008351428094204109
0x27897cdbF75266Ff35201f942D7Ea63E99Eb5e4d,test10.aragonid.eth,2,0,0,0.00008351428094204109
0x019d0a04725d3cae14Cd922C69CFC3B817999f82,ava.aragonid.eth,2,0,0,0.00008351428094204109
0x68f6dCBD103591e1d7DA1fC80654c52cbd9f88C6,daolearners.aragonid.eth,2,0,0,0.00008351428094204109
0xE17f103B1B0B5CA9a5611301C100d2Df8D5aB143,sos.aragonid.eth,2,0,0,0.00008351428094204109
0x4c5ddc0f9fa6203760BbF44cFB1bf2661C8e0C00,sagano.aragonid.eth,2,0,0,0.00008351428094204109
0xf1BD558917A9B4F683F00cEb22489A0264C772eB,tbc.aragonid.eth,2,0,0,0.00008351428094204109
0xC490E68f261296f2e626f577C679b4d69BcdD758,outboxvision.aragonid.eth,2,0,0,0.00008351428094204109
0x324Bf0e8AeAc2817001550b06cdEEd21d8a265Dc,test20.aragonid.eth,2,0,0,0.00008351428094204109
0xA90b914E4c127D161544E3522B67B26d15018c16,omerta.aragonid.eth,2,0,0,0.00008351428094204109
0xb55b8fE34557eC776CAD30fEF445E37835C459BA,testingone.aragonid.eth,2,0,0,0.00008351428094204109
0x90A7a3B39C7b3De27A12872A59e690b0B21344E0,testing2.aragonid.eth,2,0,0,0.00008351428094204109
0x20df33A4fac4B338a4552952477b144c3A5943D3,wrappedtokens.aragonid.eth,2,0,0,0.00008351428094204109
0x639be3563064D79056Df6296AC35C4506f928910,casamistica.aragonid.eth,2,0,0,0.00008351428094204109
0x19AC3a37Ac48C23d858D2af941A5A63b2832a632,musewer.aragonid.eth,2,0,0,0.00008351428094204109
0xbcACc857A327981dE652A7360e85fa1b9052C87e,app.aragonid.eth,2,0,0,0.00008351428094204109
0xB30E7B1Fed7cb9d787A7d3524e5D2a469E5044dD,ruefund.aragonid.eth,2,0,0,0.00008351428094204109
0xd928fa885117883E855Dfc3b2cEb027734ddA800,ethicalbrand.aragonid.eth,2,0,0,0.00008351428094204109
0xC74E1b1F649c48a1c99E1dc9958F51cD679F716f,shapiro.aragonid.eth,2,0,0,0.00008351428094204109
0x8Dd4F9E7785b70065eFA41262E3103A20e570F59,vets.aragonid.eth,2,0,0,0.00008351428094204109
0x70A3669A7972cfE2CB80235fda4A6e80e289f0eB,keytree.aragonid.eth,0,1320.902276037617,0,0.00006437364042696792
0xB0BE3B976e25ca8c80146F169B76FfC79a118CE3,personaltokens.aragonid.eth,1,273.7506195708339,0,0.00005509826666225946
0xf576C1d8C261a195DA38c235957b5AbAC04EE13e,futhorcecosystem.aragonid.eth,0,1077.6713224376144,18.852450235134537,0.0000548459672397564
0x8173b2CE4794a324636319573cD686560713073a,liquid.aragonid.eth,0,1003.6996070884663,0,0.00004891489610966639
0x27a1825D5F4C9D782F8bc32ED77bf4ce3a0b6bab,cryptoplaza.aragonid.eth,1,118.4389225830341,0,0.00004752921366161939
0xC31fc0b77d0411BE0a3862389Aa95Ba70221C793,openfunding.aragonid.eth,1,85.9475,0,0.000045945757268013075
0xE3553ce20ca77C05C9F301C716aE950E1093bbF1,artinios.aragonid.eth,1,22.99037980776129,0,0.0000428775673715357
0xc7029c39685623adEacC704D8EF2fe476B736CdF,codedemo.aragonid.eth,1,20.053938203565764,0,0.00004273446107261228
0xbF03F50367Ee2492b7A332C85991b483b34108cf,archimedix.aragonid.eth,1,2.6417517170408935,0,0.00004188588517698036
0x5AD614D836912ee578636d18edb01F2Af2C74846,blacque.aragonid.eth,1,2.6417517170408935,0,0.00004188588517698036
0x517338dFc193535380a181Ba05CD298276dEe10F,nashclub.aragonid.eth,1,2.377576545336804,0,0.00004187301070638438
0xC7EeB17BeAbD7ED316Ec4EF22976225d65dD4A8a,mikestone.aragonid.eth,1,0.026417517170408935,0,0.000041758427918080143
0x2fb31D569F7A722a9BB21e3B2718F4E80b0A94a2,eridani.aragonid.eth,1,0,0,0.000041757140471020544
0x3C0E780A7945c20266D7B1748d77784EC659F190,ccde.aragonid.eth,1,0,0,0.000041757140471020544
0xeFE943F1e4CeEcB15A35F142DE337251A92872C0,kriterion.aragonid.eth,1,0,0,0.000041757140471020544
0x1B1640FAecE6C5caFcCE0ca037F1182c305417B1,ambitious.aragonid.eth,1,0,0,0.000041757140471020544
0x4AeeaccF1969F79cA30cec66A134d12D6DDF1270,livepeermobile.aragonid.eth,1,0,0,0.000041757140471020544
0x56ca8C18394f313f381a210f883d9bb5bF9e776C,fbrncci.aragonid.eth,1,0,0,0.000041757140471020544
0x5c5D00ceD26c37Cf2B807cD011a9CD4C003e2302,clockwork.aragonid.eth,1,0,0,0.000041757140471020544
0xf31Ca150f82d183289AE27DF1Aaa42a8386e6577,mayuyaland.aragonid.eth,1,0,0,0.000041757140471020544
0xF97670f0a725C754dd2d0f3ECD2DcAC59AF6831b,mpdao.aragonid.eth,1,0,0,0.000041757140471020544
0xBD5cb7b6395941d27Af15Bb7914B6d4c786C27C9,maum.aragonid.eth,1,0,0,0.000041757140471020544
0x6c989f80e40A824d99AC371867868f0409b695e6,longlife.aragonid.eth,1,0,0,0.000041757140471020544
0xb86C97718D39394D66106231bEF3f1b376b1C524,,1,0,0,0.000041757140471020544
0x41cB1c6F556939dd6b372A8da8bA706E268C7122,dreamrocket.aragonid.eth,1,0,0,0.000041757140471020544
0x44868470D0550a1b4a6f65C566AB74f239f7A655,,1,0,0,0.000041757140471020544
0xbFe28599727638FF91f1241393849C849762C444,notan.aragonid.eth,1,0,0,0.000041757140471020544
0x5B251749a2F8d9B8186E417Db1d2F66912A25Ee8,daniel.aragonid.eth,1,0,0,0.000041757140471020544
0x14a3Fc97DF51A2a4f3E2394bEa063fC5FD763819,,1,0,0,0.000041757140471020544
0x0A4Dda838970f0c11E446f9B1E7a02DC7c322C0d,jaquercriptocoop.aragonid.eth,1,0,0,0.000041757140471020544
0x0fd6A62a35061B522EAA5b52ecffD69278cbF07F,cbdmedicinal.aragonid.eth,1,0,0,0.000041757140471020544
0xC8102CA42055e0f75Da879D7b4d6188d8235B101,pisodefacuydelfi.aragonid.eth,1,0,0,0.000041757140471020544
0xe914F6185ECC3f600b2F44270725287405EBb0bf,elbifedechorizodemaria.aragonid.eth,1,0,0,0.000041757140471020544
0xF0d1d27AC8A4F3Ea6e0221d9fB67a7ba762B875f,patyandpierre.aragonid.eth,1,0,0,0.000041757140471020544
0x9B7d478e3F01bB2D24d797c17a3577583b156883,parkejo.aragonid.eth,1,0,0,0.000041757140471020544
0x0c374dc9908f091579876bd6E4409C200d54124B,battlelab.aragonid.eth,1,0,0,0.000041757140471020544
0x562281C131337B4Fa20c78FAD04e31b08964075C,lock.aragonid.eth,1,0,0,0.000041757140471020544
0x0F89e3876f8177b5f5bd102A164D789B7e723f7F,thevisonaryartcollection.aragonid.eth,1,0,0,0.000041757140471020544
0x1E03A4922013fd0f0f537eba39A307A04a5D02e5,h8nafyxjvjd.aragonid.eth,1,0,0,0.000041757140471020544
0x35C52691E7e43C96B89992eec54ab01fA48DAEe3,,1,0,0,0.000041757140471020544
0xC61ABea7547d0BFE299E242B1d8a884AD8C26806,thegoodmanholdings.aragonid.eth,1,0,0,0.000041757140471020544
0xBa9383277a4067Fcc6b59D0Fd2Ff9f52a6A4E423,brightidresearch.aragonid.eth,1,0,0,0.000041757140471020544
0x4782D94DE6C44859747050d488f900d0631c308D,brightidadmin.aragonid.eth,1,0,0,0.000041757140471020544
0xDB67100260441ED0cA71488c4cdAC5718bF6BeE4,,1,0,0,0.000041757140471020544
0xB48ec981D58dcdF90B12cF1e3E63Fce984378136,,1,0,0,0.000041757140471020544
0x3Ec018BF90eDc75D58e930b41CC25165e0Ca9579,,1,0,0,0.000041757140471020544
0xDe03DDa4376687D906369D7410B7A775E328fd71,zygote.aragonid.eth,1,0,0,0.000041757140471020544
0x63021c0170047Af69e55dE48fcA971526fA618b1,,1,0,0,0.000041757140471020544
0x3bc87D4c5ECf995126503aE656a47d519559Eb1A,nico.aragonid.eth,1,0,0,0.000041757140471020544
0x95Fd61f9237590ae9ced7FC3aF92319A6BCF46de,,1,0,0,0.000041757140471020544
0x08e763C1dADED44Be90a46c17438B490b556a9c2,instant.aragonid.eth,1,0,0,0.000041757140471020544
0x224115B1a2fb6e0B8cfB64364bA460c47e9d2439,ipfc.aragonid.eth,1,0,0,0.000041757140471020544
0x6990F708Cc6DBFF5E02C87b96d0fe475971238C5,alicebob.aragonid.eth,1,0,0,0.000041757140471020544
0x4C8be98203d6e5ED2247dDc15DCd625bAa2CCC39,weconomics.aragonid.eth,1,0,0,0.000041757140471020544
0x834CEAaA0D67949d9CFe2361C7692a71633C1491,ceos.aragonid.eth,1,0,0,0.000041757140471020544
0x4f88d7df1532d0A92CEf9887Bd3dCC778174C9D0,partnercollaboration.aragonid.eth,1,0,0,0.000041757140471020544
0x79846f3e54Ede9EcecD6E5bE89132289ad3266E5,lambo.aragonid.eth,1,0,0,0.000041757140471020544
0xe236d9FeF476D84bfA834966fDA8F3CEeC80d8fC,mimireducation.aragonid.eth,1,0,0,0.000041757140471020544
0xF79c6bB8a7a300F1CAAeDF08FD0D3E9f1b1e365f,mimirmanagement.aragonid.eth,1,0,0,0.000041757140471020544
0x95D1916c79e98EAEf818ffEb9594FeE55A2776Ef,ryantest.aragonid.eth,1,0,0,0.000041757140471020544
0x0D1cE4E2B9e3b965201996f70148878165b0C0D1,iggcapital.aragonid.eth,1,0,0,0.000041757140471020544
0x4872ff7797913A3b690CF0342BC26C60bb9EDdCB,claimbank.aragonid.eth,1,0,0,0.000041757140471020544
0x42a5516DBe218432dFaAda0f8f43950a250CdDD6,dantek.aragonid.eth,1,0,0,0.000041757140471020544
0x3543E67EA30D0e481634C3AB92Ab0A3d8aD05E4d,crypterium.aragonid.eth,1,0,0,0.000041757140471020544
0xa0126F5a0A50d708C4B823b252BC053dDd60eca9,,1,0,0,0.000041757140471020544
0x62bF0182d74bd6BeeD9f50D52F7593AAb4D9f5c8,,1,0,0,0.000041757140471020544
0x2AB63B49A40d12806e30711D898631F3519FC4E0,,1,0,0,0.000041757140471020544
0x96D3C1f7cAd9c6af38d5470e8a22Bb33D28A0Efb,rewq.aragonid.eth,1,0,0,0.000041757140471020544
0x95BE1B76d8f40Bc7Fde77D16DB89D79E12B7357F,test9.aragonid.eth,1,0,0,0.000041757140471020544
0x2De75bf973bC6a058a5FF4617bbF674AEa946206,testreputation.aragonid.eth,1,0,0,0.000041757140471020544
0xec0b7A5c1cE8d6E1895eAFB77c8D4CF05f5252B9,cryptolecs.aragonid.eth,1,0,0,0.000041757140471020544
0x27833f5c2F6C30eb9a1732E3Ef8E75ffe8Fd7A45,justme.aragonid.eth,1,0,0,0.000041757140471020544
0xC927353c15f3a14B7F41A1458b5C0e75704eB0Ea,d.aragonid.eth,1,0,0,0.000041757140471020544
0x23B4bAbBa7093774346d0C3771020C899cf68C7e,blawesome.aragonid.eth,1,0,0,0.000041757140471020544
0x0Eb47820Fc925d772Db6B421Afb42E1f36566fC9,arria.aragonid.eth,1,0,0,0.000041757140471020544
0xA2f57B2564d63A8BC7F10a7aD56E8cd8d12F8b14,ollo.aragonid.eth,1,0,0,0.000041757140471020544
0x2aC6FBD121A882BFCc3cf55A885C8b4370A5643d,boss.aragonid.eth,1,0,0,0.000041757140471020544
0x3Fdc63978f087B6A8546f84252730c95055AE37C,porn.aragonid.eth,1,0,0,0.000041757140471020544
0xDABd0A93A7907eA8c3A876153Def21cF60Cb930e,club21.aragonid.eth,1,0,0,0.000041757140471020544
0xB46C8E7B05608A833c027CF1eb46B507090dcB4C,test11.aragonid.eth,1,0,0,0.000041757140471020544
0xEBd2aC3087a228294d19E7B7A5679CaF2aE2FaA1,luizfernandosg.aragonid.eth,1,0,0,0.000041757140471020544
0x3042Ae7B6BBE103403fcbf6243716553172385d1,test22.aragonid.eth,1,0,0,0.000041757140471020544
0xc5be8328220ed4366452aA55794D23aBf0fd7E1a,pinknetwork.aragonid.eth,1,0,0,0.000041757140471020544
0xCE852F7C344a343d52a8AE4DBE033A8c7b7ca75C,subtropical.aragonid.eth,1,0,0,0.000041757140471020544
0x58F53edf2bD1D0230451417558bA94C778ae928f,herbstephens.aragonid.eth,1,0,0,0.000041757140471020544
0xd7Dfd27F421c01416b9c655823a76c57045b8e29,lindsayjo.aragonid.eth,1,0,0,0.000041757140471020544
0x3B7Adc8ed48d519b265dc1713fE8fACC82BF098e,coolbitx.aragonid.eth,1,0,0,0.000041757140471020544
0x9A1936Fa14a05F5F1C5ad2b39F1D7aAEA974206c,flodio.aragonid.eth,1,0,0,0.000041757140471020544
0xd52DF2AA6Ce48289c2d1728f943c85aB3276EFa0,1070333b.aragonid.eth,1,0,0,0.000041757140471020544
0x46704046732033339442751EB9092b026E5E9B4d,curadao.aragonid.eth,1,0,0,0.000041757140471020544
0x05e9385Be982DD2f8bE8a53eEc8798394E29E92a,,1,0,0,0.000041757140471020544
0xbbF55B64bB795924997A9f363643a2dE0DBe57bF,,1,0,0,0.000041757140471020544
0x9de8f9C3F30c30C53D27Ba6a6062f6Da80497B4B,,1,0,0,0.000041757140471020544
0x03d5095C861C330A408ef12217988C730A03338B,rhodeislandpizzacompany.aragonid.eth,1,0,0,0.000041757140471020544
0x20Bfb0D9dc87b5667eDaa3fbBE632B9b96a83CDc,planx1.aragonid.eth,1,0,0,0.000041757140471020544
0xf6E7fD80A5379aC8bE8Bbb6aC007846518e69A01,algomate.aragonid.eth,1,0,0,0.000041757140471020544
0x162cAB72C7fB0015d1E29061dD19ceC2B43D4Ff3,kidec.aragonid.eth,1,0,0,0.000041757140471020544
0xbB69De84D2f0c4f1eC0D01653952b79107ddaB37,demeter.aragonid.eth,1,0,0,0.000041757140471020544
0x0e7a39bc6dfc8d460C018fbE8FA98391A473aFFc,coop.aragonid.eth,1,0,0,0.000041757140471020544
0xE781Ba0D8a26cBDF3612d5282A08a7C4F2344191,multifarious.aragonid.eth,1,0,0,0.000041757140471020544
0xE4D2Bf0a4C5d2cf15EcE9077df8C9B2cc3547A14,paris.aragonid.eth,1,0,0,0.000041757140471020544
0x0848eDBF373c0eC2e6993ed2fAC197031fa5dF4b,uprtcl.aragonid.eth,1,0,0,0.000041757140471020544
0xc681D2482b768e238FfD2211F0F32cB779CDa33B,btcu01.aragonid.eth,1,0,0,0.000041757140471020544
0xcb2200a527069F0C300D9eFFFD4A88149c6203b2,atsalafamily.aragonid.eth,0,792.5255151122681,0,0.000038623411787944996
0xBe86aC359C59Cd8EbbaA2795F569B797b61439dd,mindtra.aragonid.eth,0,792.5255151122681,0,0.000038623411787944996
0x6d86A9aec8aD927C1Fb86f88ab0F2aC0EC4b9ae8,hyphalab.aragonid.eth,0,141.42652710538366,175,0.00002848455235336447
0x80Cc7C5B3983af6b556bCbC6030EAC1285649203,openesq.aragonid.eth,0,535.6771236780581,0,0.000026106008877542206
0x5187F070715BbaAC4D8F309eFEDd98550E0Dd239,grinmining.aragonid.eth,0,431.8350030201782,0,0.00002104530494987798
0x74873191E12b65F6A773a259f590754Fa16E6FB0,venture.aragonid.eth,0,414.5536298592232,0,0.000020203104188982413
0x5fEED010a99f695852F8eB7B12E77CF6eCd7bE17,lightwave.aragonid.eth,0,317.0102060449072,0,0.000015449364715177998
0xF83D069F14f8990F0c88f33B5302Cd241ce996d2,anondao.aragonid.eth,0,264.17517170408934,0,0.000012874470595981663
0x60C0d7a799F41be34527d6DA6E17d7E885338388,openesquire.aragonid.eth,0,219.02763485986046,0,0.000010674223571128397
0x7f6Fc2C43a9F9C51CED7bA188eD2a549963Aaa36,ravedao.aragonid.eth,0,176.82205369715214,0,0.000008617351571536187
0x5EbEd2e731FeC04434EaCCEc4E9BE44110E70dfC,coinfund.aragonid.eth,0,145.29634443724916,0,0.000007080958827789916
0x091782C938c0622FF2586274fB49E4d3D34D1112,oncommunity.aragonid.eth,0,139.67854129362817,0,0.0000068071774541656885
0x8895CB25EAaB3113932De04353E8bAA3e95A3231,toliveinunity.aragonid.eth,0,132.58893430713383,0,0.000006461668313030626
0x55741f972aC8737565ae7b0F1C245F4A0297AE5C,kilroy.aragonid.eth,0,132.08758585204467,0,0.000006437235297990832
0xf45F9c13338Cb8E2613c756459d64FFAe7db9890,natvr.aragonid.eth,0,132.08758585204467,0,0.000006437235297990832
0x6fbc798A5E4419BaC509107AA72012B1B0d145E6,atlasrepublic.aragonid.eth,0,132.08758585204467,0,0.000006437235297990832
0x37d1731B22c41146Cf5EbD69D2D640a884C05dba,balance.aragonid.eth,0,126.68720818823775,0,0.000006174050067556847
0xe693aFd846580b44843df7763c5D46db3681F238,dcia.aragonid.eth,0,105.67006868163574,0,0.000005149788238392666
0xAabfaE22c0627b85802f9fDC99c4633737fc8BA1,oymabangbaleba.aragonid.eth,0,100.2696910178288,0,0.00000488660300795868
0xF8712fB4Fb031EC9d2340cAA52890Ec3d5a64ef3,sette.aragonid.eth,0,23.65369288698361,26,0.000004360735341316824
0xc9E5515e8C69CfFdc31Dc0a5606EeeE17563aCc9,,0,58.21636134350776,10,0.000004070990209885881
0x1fc913d539AC264Aa9a577cd95BA1DA9390505D7,casadelabuenavida.aragonid.eth,0,50.34954330724765,10,0.0000036876040012636073
0x47F9523c3011A7be3F20BE71537EEF111819cD19,cryptoparty.aragonid.eth,0,34.22901412181194,10,0.0000029019765039830083
0x81F40A2090cc690b9765A33f1E95616Da3c0B48d,ryhope.aragonid.eth,0,52.83503434081787,0,0.000002574894119196333
0x58a57102B88d60fa27494bB18DB30C203E565Abf,lisezmoi.aragonid.eth,0,52.83503434081787,0,0.000002574894119196333
0x628ae7Aa542263969301e0d2FeFE3FE005C613fF,yoolk.aragonid.eth,0,52.83503434081787,0,0.000002574894119196333
0xCafBB654f660cd9Fa85906B08B9C4fB23B660DD2,redao.aragonid.eth,0,52.83503434081787,0,0.000002574894119196333
0x6a185095600c52d62Ee64AEB0825cD6F3b617F99,alice.aragonid.eth,0,52.83503434081787,0,0.000002574894119196333
0x7970dc89446ff1a7070C240bD7E8bD435109e332,memphis.aragonid.eth,0,52.83503434081787,0,0.000002574894119196333
0xA70Dae86D3e0c88f21C79f3C4a31c0D12B947824,euroyengroup.aragonid.eth,0,50.29064248904177,0,0.0000024508942070583385
0x7ABC9FF109D767984415dfCD6160ffA54A33B225,giletjaune.aragonid.eth,0,50.19328262377697,0,0.0000024461494132365163
0x8BFeaE877a065301FbD692B38A94639FfECaE90e,ethereumcatherders.aragonid.eth,0,50.14487247801618,0,0.000002443790164280136
0x02017d9C192818733440d04B5646fb860155EA64,hackashi.aragonid.eth,0,47.551530906736076,0,0.0000023174047072766993
0x310baDeC122999c44E23C55415371b8A1a29BB3c,light.aragonid.eth,0,44.80177163641905,0,0.0000021833962967082032
0x9B48F481cb5Ad71f046fB8707e5DCcA1Baa19649,speroleague.aragonid.eth,0,42.268027472654296,0,0.0000020599152953570664
0xa3a39afab12126B782F32F0fE0CC9C762D0a587f,digitalwampum.aragonid.eth,0,41.87176471509816,0,0.000002040603589463094
0xa0Ff959150Ed4f0100345CE783C216fCBE4d4826,popmint.aragonid.eth,0,40.10787640713153,0,0.0000019546412031834724
0xdF91F651084473CFf5739bC8d45C047594dA7a82,proofdesk.aragonid.eth,0,39.6262757556134,0,0.0000019311705893972497
0xdD41929dB89a9aB1ED5c30859269dD0C71108cAE,merklizer.aragonid.eth,0,36.44448627219182,0,0.0000017761073603940345
0x10260359Bb7853AEd566AA7A66774F8099FeD2EC,telediskodao.aragonid.eth,0,35.663648180052064,0,0.0000017380535304575248
0xDBaC5da259374Df0e3527535596D00D12f6bd3F9,convergent.aragonid.eth,0,34.853281210519256,0,0.0000016985606225740722
0x0906d5585325b5917fd303096D41eAb754bA07dc,cripto2020.aragonid.eth,0,34.34277232153161,0,0.0000016736811774776162
0x918a78763ef2e4D93b14e86B481901A81797508B,academydao.aragonid.eth,0,30.908495089378455,0,0.0000015063130597298548
0x71f5125E0D5d0a6F9AfCa5674448B8859Fd02075,poseidon.aragonid.eth,0,30.33407763771901,0,0.0000014783190565708752
0x2E5BA7Ee082009002C5a45d9dcc1129E76A24F47,vwarmy.aragonid.eth,0,29.349861576324326,0,0.000001430353683213563
0xD642825c74BE8d86B3A62963479F1D70D7D342c3,ark.aragonid.eth,0,29.05926888744983,0,0.0000014161917655579831
0x05C0c2FAd0eF9a24e4DDaC37420089b29457ebe1,cryptomaniacszone.aragonid.eth,0,29.05926888744983,0,0.0000014161917655579831
0x7a889c8628743a1D1DA379e4AEC2660888Da2773,academygardens.aragonid.eth,0,29.05926888744983,0,0.0000014161917655579831
0x6F617E0f630ad40c904C32d59c6ABeBb9fCbC112,lipetsk.aragonid.eth,0,29.05926888744983,0,0.0000014161917655579831
0xBfcFDe99239E3Db31dfB56C5314D03892022617e,rocketstars.aragonid.eth,0,27.73839302892938,0,0.0000013518194125780748
0x250F2663dd59BBd456c6A668d028b1392D2D3049,levante.aragonid.eth,0,26.417517170408935,0,0.0000012874470595981665
0x5193A861fDa30540C08263fa573c8133D2BfdF07,cryptocatalyst.aragonid.eth,0,26.417517170408935,0,0.0000012874470595981665
0x9409bF78e64B20e07F65671aF73b2b8e638feB27,webbiger.aragonid.eth,0,26.417517170408935,0,0.0000012874470595981665
0x8aD2Ff3A67Ed3299935a6b27fA36ED4dcF55aABc,3omes.aragonid.eth,0,26.417517170408935,0,0.0000012874470595981665
0x29289a0C0efa73Ce3cbDF6C281369C9e23d76688,collaboration.aragonid.eth,0,26.417517170408935,0,0.0000012874470595981665
0xe1408F76F518c9096219969827b566419b3068C1,cryptonit.aragonid.eth,0,26.417517170408935,0,0.0000012874470595981665
0x917C21666b688C70933eBb9A0bE19f76b2AA3064,followme.aragonid.eth,0,26.417517170408935,0,0.0000012874470595981665
0x38767cD3e8e2f943DdFf0998a380dAf56FA7d4eE,thegomezgelvez.aragonid.eth,0,26.417517170408935,0,0.0000012874470595981665
0xBd74a131c039430B520303BD2F76EF8b9f326454,fathom.aragonid.eth,0,26.417517170408935,0,0.0000012874470595981665
0x638a0C590A6e8084Ecb6ef7555B7a925Cd5d6983,darkmatterlabs.aragonid.eth,0,26.417517170408935,0,0.0000012874470595981665
0xf4422af1e28E105ff2a3aDc89808A8154da5AEd3,libertus.aragonid.eth,0,26.417517170408935,0,0.0000012874470595981665
0x373326367ddDD93e8b8c9Fef766E2BeaeB552058,fibree.aragonid.eth,0,26.417517170408935,0,0.0000012874470595981665
0xaaad9520c3Da766C0E26A2BE10e8857E24f62EfC,lacaja404.aragonid.eth,0,26.417517170408935,0,0.0000012874470595981665
0x095e23A68540b3b1988CBbEA010820f5078FA7a4,fjellmynt.aragonid.eth,0,26.417517170408935,0,0.0000012874470595981665
0xBa78620AB01a4F999C548408AF6801aFee14041d,ps.aragonid.eth,0,26.417517170408935,0,0.0000012874470595981665
0xE0FE49fF6BFaEF4A727AF88CfD4637Aef900f712,koeppelmann.aragonid.eth,0,26.417517170408935,0,0.0000012874470595981665
0xf4353b07aA47dAC0EaF3b614a70B0488961D7ad3,luis.aragonid.eth,0,23.775765453368038,0,0.0000011587023536383496
0xD6EDc3993797265da601A25A38920bcdA804DE0D,upper.aragonid.eth,0,23.775765453368038,0,0.0000011587023536383496
0x0017a25385931EE690DC09Df6ccA919d1Cd007b2,cre8.aragonid.eth,0,23.458755247323133,0,0.0000011432529889231717
0xB34195c446fD7264Ce513de4861e2e641D57112d,warm.aragonid.eth,0,18.492262019286255,0,9.012129417187165e-7
0xB07191B90E02bBD35c081cAfD27BCFb533d76F6C,toats.aragonid.eth,0,17.623577443923413,0,8.588779488026559e-7
0x08f71fba21503126be2eb320895C63C82D9454Da,,0,17.547195928120043,0,8.551555263927691e-7
0x807902006e0600c76b6588039715a87bB3108D7C,techfuturesgen8.aragonid.eth,0,17.171386160765806,0,8.368405887388081e-7
0x3C7E05db57423DD8Beb065e96a8318239935038f,quantlux.aragonid.eth,0,15.981277012238884,0,7.788410987039107e-7
0x47EEeaa6F5d0EA2Aa24D6371Bb1a53878EFdB888,polisparallela.aragonid.eth,0,15.85051030224536,0,7.724682357588998e-7
0x90A2aA12D5E04B5894234dCaf29cf12db500d97e,consensys.aragonid.eth,0,13.746987539788385,0.666,7.521275976124589e-7
0x0dAf0c2a498DFE61e22852eCC11B98b47781c170,party.aragonid.eth,0,13.504027174618129,0,6.581133255842119e-7
0xdfeA5f083940d2e5252fE237Ac2a69e80F100754,bingen.aragonid.eth,0,13.208758585204468,0,6.437235297990832e-7
0x58a9ED974F62d405E34777416De308Ff09953ec0,sessions.aragonid.eth,0,13.208758585204468,0,6.437235297990832e-7
0x9dA89825c6924BfA2E16C3597aE8F99508Ab4aad,0xgame.aragonid.eth,0,13.208758585204468,0,6.437235297990832e-7
0x3D5FC75831103910Ab3bC344F15DDb9AE4862323,dexfin.aragonid.eth,0,13.208758585204468,0,6.437235297990832e-7
0x6e857E92E861E643A285a7CBfe6F3F5e975FeDed,futureinstitute.aragonid.eth,0,13.208758585204468,0,6.437235297990832e-7
0xCf2213D7b248123a4aD5340D7da3962A44c8b339,dexfinexchange.aragonid.eth,0,13.208758585204468,0,6.437235297990832e-7
0x277128caDD31502Fe2Ef581239FFB7E1131BAbE7,yoga.aragonid.eth,0,13.208758585204468,0,6.437235297990832e-7
0x598ccbbfdFB2C9674D5E2Bb5AB1f1331796E6c80,whitelye.aragonid.eth,0,13.208758585204468,0,6.437235297990832e-7
0x9Ec10fE86d46479e7Fe9e2f4d6CB0b66cC7058B2,haqrt.aragonid.eth,0,13.208758585204468,0,6.437235297990832e-7
0x1440536c3914b15fc6427299420f8Afa723B2e0f,bnp.aragonid.eth,0,13.208758585204468,0,6.437235297990832e-7
0x8C62892F240B57Cf8b009e7475aF126374E7848B,futureum.aragonid.eth,0,13.208758585204468,0,6.437235297990832e-7
0xee2D0fC2052CC8380c045AD4232F7f673D9CcA97,ubik.aragonid.eth,0,13.208758585204468,0,6.437235297990832e-7
0x8A83D4bCE45b4C4F751f76cf565953D1E4A3BF0a,genesis.aragonid.eth,0,9.611260830154704,1,5.91784854260551e-7
0x92eaf2B78e02d95b0114D552F5B623a7B18a847d,parallelpolisbcn.aragonid.eth,0,10.567006868163574,0,5.149788238392666e-7
0x723F404c398509b0A6cB813c1dBEc1148eE02866,vilcanecap42.aragonid.eth,0,10.567006868163574,0,5.149788238392666e-7
0x407960Dd6e67BE7685Dbea1Ff0750ffF3238d789,david.aragonid.eth,0,10.567006868163574,0,5.149788238392666e-7
0x428d5caEf8d918744aA8A9d8b71f53306f7b86CF,dank.aragonid.eth,0,10.567006868163574,0,5.149788238392666e-7
0x8FE4D1ef7e495eAd178Db7726f3168bC96702b3f,swarm.aragonid.eth,0,10.026969101782882,0,4.886603007958681e-7
0x99c4074335ce2c00140b037faA6187D2e165f8ea,galttest.aragonid.eth,0,10.026969101782882,0,4.886603007958681e-7
0xb0cCbfF4B5bF3327A84d503461d95b878E1369a0,lol.aragonid.eth,0,8.426603606211824,0,4.1066713291924334e-7
0xCDa37dD84941CC441fA58860c06302E96A09eC62,crobit.aragonid.eth,0,7.9252551511226805,0,3.8623411787944995e-7
0xd910dE63AEE90deD309e5081ab2345Db4f5CeE13,nodedata.aragonid.eth,0,7.92525515112268,0,3.862341178794499e-7
0xA922f3b62df58a2C86B0280C830549e1A734411F,kealani.aragonid.eth,0,7.92525515112268,0,3.862341178794499e-7
0x7597A52f607ac719e28b422aDB1DA88E6452861a,ourshop.aragonid.eth,0,7.92525515112268,0,3.862341178794499e-7
0xFEaff10E59649D0358Bb0D69347F5Df425cB32a7,bold.aragonid.eth,0,7.92525515112268,0,3.862341178794499e-7
0x2FC401F66401FB0e687C963eAb0603F1e355b705,pvd.aragonid.eth,0,7.132729636010412,0,3.476107060915049e-7
0xBEa05654e2779e863875DfC2eBbA0636e9f2B999,bicra.aragonid.eth,0,6.604379292602234,0,3.218617648995416e-7
0x6977fe83D494dc68010947e1921B74E10a0a27bF,lafundacion.aragonid.eth,0,6.604379292602234,0,3.218617648995416e-7
0x854F40779F0810ad855d2ef8254734c160d8576e,move37.aragonid.eth,0,6.604379292602234,0,3.218617648995416e-7
0x866a4c25a5C12B910fC535710474EA41417A0e88,daoincubator.aragonid.eth,0,5.5542579402866545,0,2.706845237326718e-7
0xcD63C053F8A2cd740709DCA79B13d0A439C1b5aA,giletsjaunes.aragonid.eth,0,5.283503434081787,0,2.574894119196333e-7
0xB46E9E72d43a865098115fD6De344b53E1e4F7dD,test1.aragonid.eth,0,5.283503434081787,0,2.574894119196333e-7
0x3C819cbD12186e06495f9a8521da17e3D2685D49,suten.aragonid.eth,0,5.283503434081787,0,2.574894119196333e-7
0xBaf4eE1271855C5B3964f4A9E0015269e2e7aB60,07mainnet3.aragonid.eth,0,5.283503434081787,0,2.574894119196333e-7
0xCD30442dCbD42f9416756bCd1E4A6Fa7201583f5,movember.aragonid.eth,0,5.283503434081787,0,2.574894119196333e-7
0x2AfA07a8D734875107246C34B05e6e176F51A8Dc,raincoat.aragonid.eth,0,5.013484550891441,0,2.4433015039793405e-7
0x8F0a99D84c06894440148595e75Bf19Dec70A2d2,lpr.aragonid.eth,0,4.328966589055311,0,2.109704432186687e-7
0xB1c2ac699B5d429ACE12Faf06825a33711253882,whitehat.aragonid.eth,0,3.96262757556134,0,1.9311705893972495e-7
0x3d273d60E04B43668c32b9c1e049B99210Ab8B3F,daomasters.aragonid.eth,0,3.6444486272191816,0,1.7761073603940345e-7
0x296E7669200D3f920BcF07708EE423d5893d5889,tenna.aragonid.eth,0,3.03790894956847,0.004208,1.4857046870580404e-7
0xB7b50570E284BEBC5ec54ffFA7D7adFBfBC74E58,odyssy.aragonid.eth,0,2.6427225992910195,0,1.28792021515252e-7
0xAc725f446A61eD8Da25691cCF087962E081bCe35,pierre.aragonid.eth,0,2.6417517170408935,0,1.2874470595981665e-7
0x0AC553e078BfbD6831C4F37f3Ad3eB0c1Eda099A,test.aragonid.eth,0,2.6417517170408935,0,1.2874470595981665e-7
0xeAc40B201ce43e0fBC77670c95a4C44D36292298,otazky.aragonid.eth,0,2.6417517170408935,0,1.2874470595981665e-7
0xbD277a22b1e5594c140e6b4A2f2c64C0c88B13F7,thoughtworkers.aragonid.eth,0,2.6417517170408935,0,1.2874470595981665e-7
0xa45c55111c7f9ceAc1CB703b3659D45744d4c961,dgov.aragonid.eth,0,2.6417517170408935,0,1.2874470595981665e-7
0x934d27b4B52D0503A7ed35d937A7E6289B90700f,airalab.aragonid.eth,0,2.6417517170408935,0,1.2874470595981665e-7
0x31B4417F60790009275B73C5e371d95700851191,eh.aragonid.eth,0,2.6417517170408935,0,1.2874470595981665e-7
0xE60B743DCdBC8F1B13386405F0929F11D6794376,testsportx.aragonid.eth,0,2.6417517170408935,0,1.2874470595981665e-7
0x40b9A167f50318a901C6C4192EC3E58dA311a728,yamato.aragonid.eth,0,2.6417517170408935,0,1.2874470595981665e-7
0x4502416F904B71aD07752ac8eb3aa71F171565cb,stacktical.aragonid.eth,0,2.6417517170408935,0,1.2874470595981665e-7
0x39a5DC4A419BE7515409A5E2Dc70fbE1f6f11fd1,ncm.aragonid.eth,0,2.6417517170408935,0,1.2874470595981665e-7
0x5d2AD9dc15d5A79f79658394B50c74031046bf9E,ssh.aragonid.eth,0,2.6417517170408935,0,1.2874470595981665e-7
0x9e61Fc250ef5Fce24B7a932c1e2c061316179684,bellaishere.aragonid.eth,0,2.6417517170408935,0,1.2874470595981665e-7
0x50eBF4Ec57948c16d1110aae9a81E64205b8DC7b,thescottandrebeccashow.aragonid.eth,0,2.6417517170408935,0,1.2874470595981665e-7
0x8e8B901A1E964eCb3aDF5fbac4aFfDCA2D04a73c,614mesh.aragonid.eth,0,2.6417517170408935,0,1.2874470595981665e-7
0x935d0fE758717dF667EC046EB299045a1f45e5Ed,workingdao.aragonid.eth,0,2.6417517170408935,0,1.2874470595981665e-7
0x3dD25ADc280b94a231c4fAcd33090d14a9AE658E,lzr.aragonid.eth,0,2.6417517170408935,0,1.2874470595981665e-7
0x539E5Ba19DdE6BCfb63566c6D7f413803b84DA4A,nodewaste.aragonid.eth,0,2.6417517170408935,0,1.2874470595981665e-7
0xC8D583298fdBbD0cc29A2f2b61443cAe375117c3,andy.aragonid.eth,0,2.6417517170408935,0,1.2874470595981665e-7
0x2D9cF8E654532b01F2cC8149731466e63BFe4A08,baranka.aragonid.eth,0,2.6417517170408935,0,1.2874470595981665e-7
0xE76c7d8187017F9B51EB3342adA302a6F4D190f9,fishtank.aragonid.eth,0,2.6417517170408935,0,1.2874470595981665e-7
0x4B5E247d36bc97FE5665088D9693d8cc04e1DBDa,washingtonandassociates.aragonid.eth,0,2.6417517170408935,0,1.2874470595981665e-7
0x0e4816CAd0f5432DB165608c1A23F0F9c3Ff5383,g.aragonid.eth,0,2.6417517170408935,0,1.2874470595981665e-7
0x6e0cd3C11d53EB3D1D3ba5f610085c00e32c2E3d,ziad.aragonid.eth,0,2.6417517170408935,0,1.2874470595981665e-7
0xfA78089c622908beD10E892d76b2935b91e9f6D0,denther.aragonid.eth,0,2.6417517170408935,0,1.2874470595981665e-7
0x7bfc273772A44d7D293eDA703D809585a95166B6,futurelaw.aragonid.eth,0,2.6417517170408935,0,1.2874470595981665e-7
0xf566Ca11D9332Ea5CB8CdB809f8f9D350e0A2Edd,cbn.aragonid.eth,0,2.6417517170408935,0,1.2874470595981665e-7
0x325f8CB871Fe47eCA7e235FEDF63B005b44D3eD9,oliver.aragonid.eth,0,2.6417517170408935,0,1.2874470595981665e-7
0x17a0Cfb6a8e402A523176523d44e25537810b6ca,swarmnodes.aragonid.eth,0,2.641751452865722,0,1.2874469308534606e-7
0x6B00Ec776b64aA52302AaaA121029595759A9F42,mist.aragonid.eth,0,2.005393820356576,0,9.773206015917361e-8
0xedDe8F5Fae07678110FAdbC97cb092934A7FD47f,one.aragonid.eth,0,2.0043506854922026,0,9.768122340168277e-8
0x867882e84862F5608128ae7b9d6925207e76d473,clatskanie.aragonid.eth,0,1.3208758585204468,0,6.437235297990832e-8
0xd9e40E8114193A06599ed3eCf2254A0c0f6FA411,crypto.aragonid.eth,0,1.3208758585204468,0,6.437235297990832e-8
0xaa994f6d64cEc1F1009Fd1667D9ddD883947526c,frame.aragonid.eth,0,1.2058780439309866,0,5.876798080146398e-8
0xb719BaA6db126a80BC5948ebEb6e1B7F75D65D67,leoleo.aragonid.eth,0,1.002696910178288,0,4.8866030079586804e-8
0xEc32997b9eD37CF6bddC172933Ed5058a10e1d1D,black.aragonid.eth,0,1.002696910178288,0,4.8866030079586804e-8
0xc341c5B596Dfe97C67d0e6E1C3372137a27D5158,cyberfoundation.aragonid.eth,0,1.002696910178288,0,4.8866030079586804e-8
0x70C7ea64d85c8135C1488C2159daBA25ad0919EB,blankexpenditures.aragonid.eth,0,1.002696910178288,0,4.8866030079586804e-8
0xd7C94515da5398b078755063d4D8eAc5779BBCBf,extinctionrebellionsa.aragonid.eth,0,1.002696910178288,0,4.8866030079586804e-8
0x39d542Cb63e4683165bB75aDF319Ca810186B7B3,kingdomsbeyond.aragonid.eth,0,1.002696910178288,0,4.8866030079586804e-8
0xe101DEC7537277Df65bC6B7424028d2D5954b6ff,chu.aragonid.eth,0,0.792525515112268,0,3.862341178794499e-8
0x36eA12D92d8e3cE0C665BE07f2aC9484F9e22554,pooltogether.aragonid.eth,0,0.7720766208372819,0,3.762684316128184e-8
0xc55023Ea71740aa2EfB377252d794Ba1c693B50A,bbdao.aragonid.eth,0,0.7302531969719012,0,3.558859544366036e-8
0x4153BfDaf2843b140Eb308aa8790d83646433d94,supercompute.aragonid.eth,0,0.5283503434081787,0,2.5748941191963327e-8
0x2fcC29986892Fd72dAA9Eaa5Cd27A53Cf440B9d9,stardao.aragonid.eth,0,0.501348455089144,0,2.4433015039793402e-8
0x84D12CAbD035c526467605A3B446211c047e8827,nest.aragonid.eth,0,0.4296451239793499,0,2.0938582076800867e-8
0xE27b8eB1165A91507382A11268Db15167Ed17BDf,espresso.aragonid.eth,0,0.26417517170408933,0,1.2874470595981664e-8
0x3173b8D4eE6D5152aFdC3D36B905CFdE5df476FF,globle.aragonid.eth,0,0.26417517170408933,0,1.2874470595981664e-8
0xd15B5d4D95D11945F2629e5e55E3D40FAdc047f8,alontest.aragonid.eth,0,0.26417517170408933,0,1.2874470595981664e-8
0x1eE4a2Ab36Bf762bDC412188F93ceA9Db372ca8f,peregrine.aragonid.eth,0,0.26417517170408933,0,1.2874470595981664e-8
0x3B0A4aBBCdAbD30dF614E7F1a319690cD56bBa12,starlog.aragonid.eth,0,0.26417517170408933,0,1.2874470595981664e-8
0xEC6C024AFCadf7e723074D6b73E466079bFc476f,daonate.aragonid.eth,0,0.26417517170408933,0,1.2874470595981664e-8
0x89d02a1B164505476078e992019C4581FFe05A1f,section13.aragonid.eth,0,0.1954896270610261,0,9.527108241026431e-9
0xf1914D65C63c446cDd2Fdc4907Aa27f989cAB264,futhorcecosystems.aragonid.eth,0,0.11174609763082978,0,5.445901062100243e-9
0xF5E23ea7CdAdD1D7D5D3Ba82f06bbFfb8eDCb8d7,dsoe.aragonid.eth,0,0.10026969101782882,0,4.88660300795868e-9
0x0B57E0E2b95Eb0bA079ac69968F6eacA584Eee64,colony.aragonid.eth,0,0.07925255151122679,0,3.8623411787944984e-9
0x6716532B8043284f9BB05D4c2032148982c62408,unicorncowboys.aragonid.eth,0,0.05547678605785876,0,2.7036388251561494e-9
0x6AB61312Cba372d8D6D67f35bC6c29b0f568B0f6,paty.aragonid.eth,0,0.05283503434081787,0,2.574894119196333e-9
0x9a3b91537CE0FE4Ebef444087249578dFF3b3798,fairdao.aragonid.eth,0,0.03315398404886321,0,1.6157460597956987e-9
0xa3FF2560Ad449a0CDa0ADf720B7f80030917d05B,maria.aragonid.eth,0,0.026417517170408935,0,1.2874470595981665e-9
0x5A27312A3aAAdc01C5FE5A640819ca4Efdb64518,futureofmoney.aragonid.eth,0,0.023775765453368042,0,1.1587023536383499e-9
0x4Dbb691De59150Da0b7577Cbd9c4708Ff3120755,mendoza.aragonid.eth,0,0.0002641751717040893,0,1.2874470595981664e-11
0xa1213ff38A8a450f47D4d6a737924A0e3Af3603a,,0,0,0,0
0x431c7615E4CDBa5FFAFaFf45297F516bEeBF9C73,j.aragonid.eth,0,0,0,0
0xa9c55f3761D9109134014075F5B5C93191246325,alexa.aragonid.eth,0,0,0,0
0xD6CA28dE548ABc025Fc6Ed9Ce2a8c89c8467C51F,designdao.aragonid.eth,0,0,0,0
0xEC0FbdfEA5c8D30159CCDC5D81A3A9ee24cdd795,chris.aragonid.eth,0,0,0,0
0xDF07aA953adde834651f55c1549a52e68B205d87,luke.aragonid.eth,0,0,0,0
0x028677ee4EbE2525B515BD1db8CDf748290d29Ee,jouni.aragonid.eth,0,0,0,0
0xa092eF957538Cd20e08a558aa1884e01A0529670,couple.aragonid.eth,0,0,0,0
0xcD277CcC92a7898D67891f26E0dDA89E3c4966CE,zeusse.aragonid.eth,0,0,0,0
0x0CD37d0164c18b839a3e6052403A99a1DcAB6113,gargantua.aragonid.eth,0,0,0,0
0x55bc2610063F80b220e2900adaC9D0dAC279ebBf,wooomp.aragonid.eth,0,0,0,0
0x550D6db34f923E57035C1dc58957789a80E5C4FD,kotr.aragonid.eth,0,0,0,0
0x3aAF11a71d8c871506B3126ede53CD64c337fC77,alpha.aragonid.eth,0,0,0,0
0x02ee1E4A3291B3331D7239230b91883Db272A3d7,nishbucks.aragonid.eth,0,0,0,0
0xDe81b683a794C6AE8ED684116cD6a7Da62B36f8C,decentral.aragonid.eth,0,0,0,0
0x425083096270F84D5929a871981a608934fba2ab,fund.aragonid.eth,0,0,0,0
0x1759013b789Ad1c8Af3321788F52C40b20D20D19,dak.aragonid.eth,0,0,0,0
0x8c84180909e70bb948C47B39DFAaEaA076b1e522,kaizen.aragonid.eth,0,0,0,0
0x7EB778664a5de21Bdb93f0Ef3e35C2f456C9f8aD,vote0x.aragonid.eth,0,0,0,0
0xE7b3348093A55d8264cCdd8966614749681aC0Cc,justtesting.aragonid.eth,0,0,0,0
0x55d2372617E1904C3342062f8f6B2353003731Fd,marsnation.aragonid.eth,0,0,0,0
0xD4A7e6827fCaDB3d0e5b29b4323204d21FC85F47,dutchx.aragonid.eth,0,0,0,0
0x0580962587b15AE79EFBa39a26A9cC787721584a,4irelabs.aragonid.eth,0,0,0,0
0x0Cf1e76F768E1f13eF111b5BB672F2E2d23a1A13,mydao.aragonid.eth,0,0,0,0
0x69B6Ff365e71372A1e7b68C56a1c53F60bd32295,roberto.aragonid.eth,0,0,0,0
0xC12A41b1c8dc91D2A6194dB226e162E966DD18D1,gdt.aragonid.eth,0,0,0,0
0x87838278943557D46e33DFEAB33BE3d84CDeCcd9,edward.aragonid.eth,0,0,0,0
0xE91EDDB1157371aE46E2C36Cff852dE8C8f3177a,proofoffice.aragonid.eth,0,0,0,0
0x88e64b8935eEa1AaDE773a5De356a462A64f58C8,13fanboytest.aragonid.eth,0,0,0,0
0xC6536379d251d9F37b8cAC49C36994E2f05e606C,commons.aragonid.eth,0,0,0,0
0x0c9d4Bd971fB7ACF7EB170a6541C434887d50aB9,fishfarmtest.aragonid.eth,0,0,0,0
0x953AdaF208D61eCAf656fB10510C00B2b8525746,bamboorelay.aragonid.eth,0,0,0,0
0xC9A5f9Bf8B0C82C552a8ef49c6BC6261a97D7FD6,tokenlab.aragonid.eth,0,0,0,0
0x77Dd946A51A1C0086259461b6d611669f5fe6F3a,prediction.aragonid.eth,0,0,0,0
0x8FAD9faBCcc77652267493cd862B871efFdFe222,dao.aragonid.eth,0,0,0,0
0xc9d9d683f1a091493EDf179037498bb181a30381,brukhman.aragonid.eth,0,0,0,0
0x583E34287738299Fa9Cd505429bfa25d476f4978,sikiriki.aragonid.eth,0,0,0,0
0x479E41053A4953D48BeA2a4283096f167A1BA7bc,boomerang.aragonid.eth,0,0,0,0
0x463eC344EB9Aa510DFF44080617448309828FB75,p3dforhumanity.aragonid.eth,0,0,0,0
0x1e802B3be823C19dAa3231D55D689f1f87393272,aragon.aragonid.eth,0,0,0,0
0x0e02a3DAc4bD1C5d44b53181685EC8484e68acc5,matan.aragonid.eth,0,0,0,0
0x59e6AF49fc9E1709689290D4FFAAd5a97329e9dd,impromisellc.aragonid.eth,0,0,0,0
0xf3cD9C3c1f7a2298b672138087f8268aD8CBF6c4,kimchix.aragonid.eth,0,0,0,0
0x2e5c44d2A82D94024E555b782c6e2E28Ce461D79,webfusion.aragonid.eth,0,0,0,0
0x2bcfB97D5f4a833B380FAF5f58CF34B6080b0197,shokunin.aragonid.eth,0,0,0,0
0x3001eE20e127F57307C17482f54aCC9feDB00D90,syneth.aragonid.eth,0,0,0,0
0x129842e9be5145e2c1C24e4377b7d5d0a774ce22,digitalreserve.aragonid.eth,0,0,0,0
0x9fC697cACDED0eAD7EC0D750D9E88fa14C0BEA65,wherever.aragonid.eth,0,0,0,0
0xEc9b3CFd070C5AA1935056E43Eece1a214F44b77,fengge.aragonid.eth,0,0,0,0
0x3f7CE1F1aDEBde03AF2377Dbd60015648f2817C8,winter.aragonid.eth,0,0,0,0
0x835900D3ed44033B3d9A9a5C7073080C1Aa8264e,redflower.aragonid.eth,0,0,0,0
0x53e73A5f2658D2a6863e89070F6eEf75Ea2286a3,distributedgallery.aragonid.eth,0,0,0,0
0x60fB6FEcDC71564ef31Ec0b86371851316919154,cationlab.aragonid.eth,0,0,0,0
0x3D2d83CBFe982073B629275c9a8FEecA8bF58c58,zoltutest.aragonid.eth,0,0,0,0
0xA1a10C90040689E441d35848C26aE1fde5C69f6c,gftd.aragonid.eth,0,0,0,0
0x7ea73E288894E0a1a15d7bFA394A3d126137E54d,pokus.aragonid.eth,0,0,0,0
0x41741f3812635159f490acfd7373a763a19C38Ba,thc.aragonid.eth,0,0,0,0
0x88C213FEC7F98d6d43D71C14736C337B4d565404,jelli.aragonid.eth,0,0,0,0
0x8F2F871ff7101e94500bB489a2493dCf715e7C9f,robato.aragonid.eth,0,0,0,0
0x5FF1f9159D63C9dA46440A903c4a65003De1c3E4,governx.aragonid.eth,0,0,0,0
0xE7300C7e2A8A28444B503e5FD40BF19594351560,movingwhales.aragonid.eth,0,0,0,0
0xB2e1E5Faaab10e4c8A3429505BD5A987f830b066,,0,0,0,0
0x38B6A58c11fbBfc2eA7560935C44b5dAcB59e81b,augur.aragonid.eth,0,0,0,0
0x09a1dA9E1bBA842e5a4a2473610ec431FCf4b31A,augurdev.aragonid.eth,0,0,0,0
0x4E6CfE0330523c46c0fdE75D03156C2F733B87AF,block0.aragonid.eth,0,0,0,0
0x85F12442771A8b5700C365d6e2aa03a8C42C4B78,booklocal.aragonid.eth,0,0,0,0
0xDcFC1c4546ece5F9a4e77aaD032E411C93ec0109,ethereum.aragonid.eth,0,0,0,0
0xf6AcFB22D2B923Cf1c3ff53ab331cc6721f8Ce76,citizenhealth.aragonid.eth,0,0,0,0
0xc1cbcD524e4A6c090a71F9AE488fFf7B6466Aa90,emin.aragonid.eth,0,0,0,0
0x48E41531486ad79Dba316C3FC4Bab8e027933276,tarrence.aragonid.eth,0,0,0,0
0x28F3C957f40423E723F337DcF8C7D1b769452D73,d78a.aragonid.eth,0,0,0,0
0x1464992D06bF5a7B7d8f595545ee7d5B96226366,fouronetwo.aragonid.eth,0,0,0,0
0x6B3AaBA80d4d096F3195C730ec3E367A43BC26b7,1.aragonid.eth,0,0,0,0
0x799C8952101e541C7CfB2570450aC5259A5968e5,0.aragonid.eth,0,0,0,0
0x32950fdC4b31dE0100039DCFc75e75F9453E9E14,eth.aragonid.eth,0,0,0,0
0x7d8f8AE859d0Ad18345fDDa84bED1FB0d8240647,nuts.aragonid.eth,0,0,0,0
0xCfB865f512B802eeB1c7cb6df778B87E5513ADeB,makop.aragonid.eth,0,0,0,0
0xDDF60FA1500D5702bf3aCc18cD773d6aDf9fE823,sessionsnetwork.aragonid.eth,0,0,0,0
0x5523C7E9a22C24DBC11361819889c57A5419D7E8,ethereumhonolulu.aragonid.eth,0,0,0,0
0xd53C9447F4a19eD8aB26793E74Bb752BB8D5404B,discoveryblock.aragonid.eth,0,0,0,0
0x523557a52a19b39319D716D37b1C0Db5c4163436,flyingcarpet.aragonid.eth,0,0,0,0
0x2f4A99A2F89981E248A0f01E0339fFA632F88780,unibas.aragonid.eth,0,0,0,0
0x2D3984103fA2EDa224911fb1AC66F00cBC327F90,imperfin.aragonid.eth,0,0,0,0
0x63fE79039Df135eDA34804b4D52C8747B5330Bd5,asgeir.aragonid.eth,0,0,0,0
0xa8FDc678d01d269bff70A7147A7AeA1cB9a29690,sydney.aragonid.eth,0,0,0,0
0xB42D20818f22E67fe69EE42B63F0E258B26c72C2,metacartel.aragonid.eth,0,0,0,0
0x03fABEf1f8537f61B287a6826f06e498b64A059f,australia.aragonid.eth,0,0,0,0
0xFE24E2DC92611536905a375CCB6ea58E3a1DEBc8,straya.aragonid.eth,0,0,0,0
0xc3A152FD4119Fb3449C02fb310eB0ED9125b82e1,curiosity.aragonid.eth,0,0,0,0
0x1742426f4Be3754A3bE9BF29C10EAD9F68a850c2,schmidsi.aragonid.eth,0,0,0,0
0x35e09B063ebA5A881e2f95977dF2C78e88765bc3,moloch.aragonid.eth,0,0,0,0
0xf6d794181C1c6F3c9618C79e60EAc5Fe8c6ABEa6,albedy.aragonid.eth,0,0,0,0
0xb607bc59f01F95737fB7988361E9ebe27Dda6D89,tribute.aragonid.eth,0,0,0,0
0xC717040685FCad83BDCB56867C08CE8f61018aB0,ccp.aragonid.eth,0,0,0,0
0xD7212401aCFBC3c7664f7D352390c7E6b427da9b,tanookilabs.aragonid.eth,0,0,0,0
0xC8EeD071382098CA9548e0C26C8b8f1e994fD5aC,testorg.aragonid.eth,0,0,0,0
0x511E83Bc46696E8DA417BCb11b8a082F89Ac7A52,trojanfouundation.aragonid.eth,0,0,0,0
0xC1551e6Da106fab99405Bf8f5708B4526a519F7C,trojan.aragonid.eth,0,0,0,0
0x9735AEDEA502333050bb81fd0d859D25A2f905a6,trojanfoundation.aragonid.eth,0,0,0,0
0xd7fd6C795c38494CB796cb297e47DbfA23700324,tag.aragonid.eth,0,0,0,0
0xFf604E3328Ca30e033Cdc1A582a1a0B50Ff9cBFc,waterprotectors.aragonid.eth,0,0,0,0
0xB65DF4e5BD5bAe1420fa36616badF298a5D0676F,632.aragonid.eth,0,0,0,0
0xFb3e6cCB6af8e1d7Fd95C21eE11556D15A8d4aba,lightnode93.aragonid.eth,0,0,0,0
0x6384c637B9C3921842A22c33831531ce5524e699,earthena.aragonid.eth,0,0,0,0
0xA7342c483CB5FEFC5B448Fad5A017d6d5380566C,teledisko.aragonid.eth,0,0,0,0
0x1EbF9bc80E3d14B9A08674cFF14afA3F5b315A96,xorder.aragonid.eth,0,0,0,0
0xF93704119992f0a4D8a8e899a17E12545210aa46,smartmachine.aragonid.eth,0,0,0,0
0xE00B309c38805a8cE7c7EF49e485f318b65ce5F5,blockchainfederation.aragonid.eth,0,0,0,0
0xC450582f4A410a2CeB9297eFC0C1c19280F1A40c,a16zcrypto.aragonid.eth,0,0,0,0
0xCe3C21876781D6F8d878FF3a0B998B2Bd23BD9F8,multicoincapital.aragonid.eth,0,0,0,0
0xa8C6a426B2c5B2EBB520C769201d266a4d5F5909,coincuck.aragonid.eth,0,0,0,0
0xEDbD43E097F56dA24005ce3e3d764B99d0b39e7E,mana.aragonid.eth,0,0,0,0
0x6506D71a76c9Bd1C36e27354042Dc6eBEfD17Be1,alcazar.aragonid.eth,0,0,0,0
0x1543255C0B3c4Ed156D7FD1eEF89bEb73899081A,ethnik.aragonid.eth,0,0,0,0
0xbF6f3cd594c6412A8131E8E8a01F2F19da61aB6c,yeestcaasaa.aragonid.eth,0,0,0,0
0x3B40C3dF35a4678b79DEF5c504b758f39a61Db46,zoro.aragonid.eth,0,0,0,0
0x1F60a3d4B0708dc6E983225B924E2876b90FF9F6,reset.aragonid.eth,0,0,0,0
0x28F7Fe58749429B63e3aE5716a7fBB01f0965c83,herb2020.aragonid.eth,0,0,0,0
0x510397a1Fcc75BAf55E080a30DC9895A1CE2C49a,polypanda.aragonid.eth,0,0,0,0
0xECbA07d1D6b2F0c80EFbB5c29bDF3C5e8485cB90,k.aragonid.eth,0,0,0,0
0xaC7897590eD464E7EC1007122820918535Ac323F,autonomos.aragonid.eth,0,0,0,0
0xFe77aC196EdFbE97c36302eab2E76B535D869f9b,trillion.aragonid.eth,0,0,0,0
0x32d05b3ac2Bbc848236Aa5434B54A543a967e8a8,source.aragonid.eth,0,0,0,0
0x3A8CA372b0c8F6587AC8d40D91f02584cD3e5357,fxio.aragonid.eth,0,0,0,0
0x8DC93904a817FbD88f704E3B59a8F3E12394beE6,10yearsofbitcoin.aragonid.eth,0,0,0,0
0x1D06102bB7436bb5cf7e14bc637D6383DDf2caAf,bc.aragonid.eth,0,0,0,0
0x65930EfCdf04C5ebeb9147305b144dba2A2840a7,bitcoin.aragonid.eth,0,0,0,0
0x5469F7412d84352790c758B3036C49e5CdE996Aa,tnt.aragonid.eth,0,0,0,0
0xa15BB7c64B62D7DF6b13a7dc123068Cc39869A0C,gov.aragonid.eth,0,0,0,0
0x1F12c2B8603AeD1B98c937010B58bafd23bb1d1C,blockmuseum.aragonid.eth,0,0,0,0
0x631efc2A5B1c50E733F200594A7B1357CfD7e34a,srednivashtar.aragonid.eth,0,0,0,0
0x306B7b2f418CA7b53D41dc7cc97D1d20Eb15A627,rhizomatic.aragonid.eth,0,0,0,0
0x4558520428CcFA087Ea3aA2087B054bBfbf8083A,lunamint001.aragonid.eth,0,0,0,0
0x5aF2BE75d0cb7aC27eb1CfB0523883ecBcAE0033,edu.aragonid.eth,0,0,0,0
0xBdF9799c984dC8EA6D0Fbe92E0ECE4A633D9189e,dwoom.aragonid.eth,0,0,0,0
0xf9cFda590f5dDa24ba01dA5D4955AB312BC82EC0,agatha4congress.aragonid.eth,0,0,0,0
0x8B474678B12c0f11289AC686DbDE429c4fEEAb62,commn.aragonid.eth,0,0,0,0
0xaD7CBC1BA66D0E71FE7e7a0fcf44F95728b850fF,btc.aragonid.eth,0,0,0,0
0xEa0F875ff3458f5Bb8a922d584fd2a2EB8d34337,zinc.aragonid.eth,0,0,0,0
0xEF363Ca9D251D0CD4F8d4424009eadb6AF1282Ce,wehelp.aragonid.eth,0,0,0,0
0xB01C3A1e516bE2A4A38aF35B4cc5AB801aE09f91,thelegionofbigdicks.aragonid.eth,0,0,0,0
0x2BD8EeBd435A63C37881Ef080dA9C6aB4C8E7687,flexdapps.aragonid.eth,0,0,0,0
0xAED2A4C10d79d3Cff6c1C70C6B0F329340408EF1,sig.aragonid.eth,0,0,0,0
0x3B3D3dab7EdBa7af688eb50725e072bfca7Fd888,tezos.aragonid.eth,0,0,0,0
0xce7e0F204b3701f8b3983816588826d9c825D28a,tidtest.aragonid.eth,0,0,0,0
0xB3514F17Cd9Fb487A2c1d923ab30747E68F18a7C,earth.aragonid.eth,0,0,0,0
0x99EA184ff7c5A2483ca984bE45a50ed0d49dd022,grants.aragonid.eth,0,0,0,0
0xdfBC666A96712059664C2494644a95670Ffa86f3,datahouser.aragonid.eth,0,0,0,0
0xe102d5820873149186856e7eea6a0B66492A7F8A,ntd.aragonid.eth,0,0,0,0
0x016E5d41828E1949d0568C1AFC0Ce1E948736C71,mqt.aragonid.eth,0,0,0,0
0x17e7f4A5b85efa722C8188e698aF87F335647eC1,owc.aragonid.eth,0,0,0,0
0xae0ea9255B44542bb78FCb5705263eb6719886Db,pincome.aragonid.eth,0,0,0,0
0x94A3d4EC52b6749Da62b5C9f109Ce5E3D889eeD8,scalefree.aragonid.eth,0,0,0,0
0x52c264c16A55A8a0e77fB9D742D656a421cFf07e,celest.aragonid.eth,0,0,0,0
0x8c4D91C7d384F784D4364dC3a589f817819CeA77,postwallstreet.aragonid.eth,0,0,0,0
0x5e918561b6865D13F39bF4953F1320942b140Ab2,rule70.aragonid.eth,0,0,0,0
0x0E5ac12073eC916095A02883D1710A4CbaF5DCDC,ayana.aragonid.eth,0,0,0,0
0xaDD40339272A74E73268ED13090527c297FBe90E,insense.aragonid.eth,0,0,0,0
0x2Fc3C8d3a3577C9A03462529E34d3fB837F4BE31,lunchee.aragonid.eth,0,0,0,0
0x3d4480f75371b00e47b9215c227A7ebB29F9139a,prevision.aragonid.eth,0,0,0,0
0x4b898C4Bc8f15B634477cA6056dC843e8dfa9E36,foralllabs.aragonid.eth,0,0,0,0
0x36EAa9a702E335747fCdE89a252460dD5b0690d8,forallventures.aragonid.eth,0,0,0,0
0x238c3700CD4a23064d6080474A3eC9c9f571CDA6,praxis.aragonid.eth,0,0,0,0
0x78867140bE8624324B1D5b4061dcfF38F142f2be,testcbn.aragonid.eth,0,0,0,0
0x98b86B57AB4cB3B26d76aa273749ad0654C1e2F2,coffeclub.aragonid.eth,0,0,0,0
0x82b5f13f18136Dc250a4A0bB4c39FFC4375BCc22,oroshi.aragonid.eth,0,0,0,0
0xed419df0Dd4eeA864fD700076336d4538CfE2261,ubi.aragonid.eth,0,0,0,0
0x0e3eFb178166dB0E68693bB53F7A220a4e44e871,testorganisation.aragonid.eth,0,0,0,0
0xEb4b89Cb3cFf2A78E933750d3850b6aC7EA4f9f6,method.aragonid.eth,0,0,0,0
0x360c8D3153fF6528381F05956ddecaFca75892df,mycoinbag.aragonid.eth,0,0,0,0
0x704f1a86d9b09ad7FE514AF1ac14FBF4Ef839866,lyric.aragonid.eth,0,0,0,0
0x3e22912212e8903BEDCD58B067ad89cFffd48628,cryptoaf.aragonid.eth,0,0,0,0
0x6ed22d9B5C5C884d64Bf47A4ddcdA6F27017a040,decent.aragonid.eth,0,0,0,0
0xa9Eda0f9b8601cc858506F4952987ECE32E6ba18,imamario.aragonid.eth,0,0,0,0
0xf67786eb946C3329fa4c493c815deB08c8E1C723,databar.aragonid.eth,0,0,0,0
0x7cB674770916dAa20a7a03378dA7216c4611886c,testing100.aragonid.eth,0,0,0,0
0xb799737BEE0EbbdEf8DC9BFB1e5aEaDFa04B8843,,0,0,0,0
0x12B5549769C792F8811008c8D24f9B1A20D87554,rxc.aragonid.eth,0,0,0,0
0x1Cf3a48D123A86F0CF031f289f86B21EfaEdFB07,kuenzli.aragonid.eth,0,0,0,0
0x4E96fF1baC731de108eF7dc0225e61A9562607E5,protofire.aragonid.eth,0,0,0,0
0xbf818f388Ce1A189d8Afd5aE918D6a472e8128a1,,0,0,0,0
0x9F77D12267B7DC4089F6A6eaC633C3C47F5E7326,,0,0,0,0
0xd01F89E1a5f72F49cf07B8AaF8a4986c3D32F4B2,internet.aragonid.eth,0,0,0,0
0xe6a5F030b08276cB0F0E4eD2b0Aef0aE1dBbEDA5,darling.aragonid.eth,0,0,0,0
0xD297f383950e84c313e8AF455bB17f7433e313cB,,0,0,0,0
0x7f18f74204F3270cAA313d99C2a5BaCc1C8311f1,,0,0,0,0
0x940B2B518F761f4c52CDd9865C57D9a907DC5E82,,0,0,0,0
0xAE6e7B3e6030Bc2D7fD9bb8f2fc6F40b2c63480c,fly.aragonid.eth,0,0,0,0
0x0bee06b58C924fD56F61626F8FfCfBF32029ac99,botidao.aragonid.eth,0,0,0,0
0x4c07841C09A30feB5D08d27cC1f65E6B8b1c6846,cysae.aragonid.eth,0,0,0,0
0xdD796Cd3f4e497D9cDc1B0A8af9F2bd30Fab91DC,quasarcorporation.aragonid.eth,0,0,0,0
0xFb08AC0469d49aDDc65846eFd6207DcCAf076BEf,rizm.aragonid.eth,0,0,0,0
0xd130A3215B091B54803704e1062Db259c45dF338,rizmco.aragonid.eth,0,0,0,0
0x800B6Ea1Ae7145bABdBEF00e0EF4EfbE3C48c032,picnature.aragonid.eth,0,0,0,0
0x8FB83180F2E89D2527bC09E1E56Bb217F0780513,denverdao.aragonid.eth,0,0,0,0
0x8A793a10fcaf6090A534F9a60f6c698FFB379614,1848.aragonid.eth,0,0,0,0
0x03c85f2FCFcA2BdEeC07D25dB4234a890cF3cE7F,dorg.aragonid.eth,0,0,0,0
0x6Ca86C700Fa374e59CA0755712E521Be7b8363a6,neurone.aragonid.eth,0,0,0,0
0xebE8AE7Bc2fD3307023782345aD88e742df41df2,cig.aragonid.eth,0,0,0,0
0x175F2eF85d031EdA9d983280C7917f9265734Db7,manekineko.aragonid.eth,0,0,0,0
0xa313998B0E3EF5bDaAd5C386159F3441A41528D0,blockmatics.aragonid.eth,0,0,0,0
0x6d512fdf6EacfCE8Ec8DA7e228A51681a2E92Daa,3tinvestments.aragonid.eth,0,0,0,0
0x705C8079c331799F3C3D0316f26D30cEd34C9c50,jvluso.aragonid.eth,0,0,0,0
0x87B028fD19B89c2ba3eE65cb7a39D2f93a4F45BA,cryptonomicscapital.aragonid.eth,0,0,0,0
0x82F7943720d8F0205d6fAb2b97719c37F41c30eA,verity.aragonid.eth,0,0,0,0
0x1B7097980dCa557849C71EAbBcae0d5A62Aae500,cgf.aragonid.eth,0,0,0,0
0x662724E6e1AACB8096f06495486FE8Aa000b79fe,mars.aragonid.eth,0,0,0,0
0x642C2d2759505B69F34b4F2EE453c00844256323,metadata.aragonid.eth,0,0,0,0
0x0A9E12eBFa3849e339d71Ef5A6748D6Dd225d22b,seckure.aragonid.eth,0,0,0,0
0xfc754E4451c9B9019Ca6b0C28564e25e19D1094b,kayuzee.aragonid.eth,0,0,0,0
0xB397E5765A2E7fc50946820A3ff21b8C7eC5b7f7,ethdenverdao.aragonid.eth,0,0,0,0
0x6830A7B5802F80efCb2d104F2cA1C1C808bc3Bd6,noon22nd.aragonid.eth,0,0,0,0
0x7B03512Ffeb888c7321b3CC050ebe2DFdf692712,cryptocurrency.aragonid.eth,0,0,0,0
0xCfF667d9088290032675F2B11AB80A43B892A28d,mydaofun.aragonid.eth,0,0,0,0
0xf313882ADEC4AaC2F6c38fF4d36fC03833de4C4D,kirin.aragonid.eth,0,0,0,0
0x0D1f0854bdBAA1f8c50Dd4115D74680154a07410,doesitwork.aragonid.eth,0,0,0,0
0xE973cAcB4f0Cc0C83b364A5f2D6E3caB37EF1d03,,0,0,0,0
0xB290680678D9d08f77b6E9594C916A2A18EfeDc0,,0,0,0,0
0xafc36431B04Fa748875877218f0Df2B2D6515c69,,0,0,0,0
0x3D5bD3ADF24d4Dd0F1e6B2537fb21Abe0A136986,,0,0,0,0
0x2ae0aa6976112b3a3227aA5DF4B1BeeE2ea4aab6,,0,0,0,0
0x71703e1D94A67b60876494Ad51Cd4127F8D0977d,molino.aragonid.eth,0,0,0,0
0xb990D07E83c94313531373d93f985aA49b80A6b8,ghadrdao.aragonid.eth,0,0,0,0
0xfd2A921BB652f0bDBC310045b8A589cA1b2B75C0,timbertrade.aragonid.eth,0,0,0,0
0x6523a31637f9631CC90AF54BEFf93683bC03CA7E,pitch.aragonid.eth,0,0,0,0
0x88dCf421270136bdC1D77e55692837725DEf7b6b,bee.aragonid.eth,0,0,0,0
0x05C17536Ed12086c657b91C40777DD225F89080E,,0,0,0,0
0xe62DE1De3f681906605305Ec4C8D0C89d3F061f5,verodato.aragonid.eth,0,0,0,0
0x68144FE64F651CC638F8e014F4F5F283A672F0F2,rogzytest.aragonid.eth,0,0,0,0
0x92f5AEa0A434Bf5868c5C03A206D57Ce333DF3a9,innoleap.aragonid.eth,0,0,0,0
0x2dD79aACF154558b87D50835A816af492609cfFa,doubleagent.aragonid.eth,0,0,0,0
0xa46A9c2db63F52F4e784a4aBe639769443F8b5df,,0,0,0,0
0x27cc8f2909391a62E5e780AD055AfE0513E349e0,acropolis.aragonid.eth,0,0,0,0
0xa25864f662Dcc79Cf87b9379A0A4F319bd066c0e,totem.aragonid.eth,0,0,0,0
0x8e7beEB92391B2fCF9A9822C4aC20804bA2C407a,civitas.aragonid.eth,0,0,0,0
0xC0812F6dBF4e81B08a73C14f34296bD9190575D2,alan.aragonid.eth,0,0,0,0
0xDDcEEf2013a6bD9caF697B5F5f70E4Fb51b8e10d,bcs.aragonid.eth,0,0,0,0
0x4dDb2E40d1ef0B1449c6d02569E1360B2C2bC565,shilaztech.aragonid.eth,0,0,0,0
0xA674f3c7aa07Da54F79f55FDAD7FF3AfdD6326be,cryptoraves.aragonid.eth,0,0,0,0
0x1f35055e6083D72A2CbF4abe6C068d387c80bd65,sendytest.aragonid.eth,0,0,0,0
0x4d98694fC559F92C9AEf9Be7700d765273F0195e,dcg.aragonid.eth,0,0,0,0
0xeAC77253B72b7dC404f998b10D188D9b767BA5ea,asuka.aragonid.eth,0,0,0,0
0xFFe19AAee419C46443ebe7f583230d7c32E42eB4,ydao.aragonid.eth,0,0,0,0
0x4a46183a9e96a6F58966aDA6329BEAdDaf6CDDf0,,0,0,0,0
0xeD5286848a9d1e35DB19D52985a19Bd29042BBD1,,0,0,0,0
0x0de4cc1e91c519b9620905729Ae0B0BDBCE2a84c,corporia.aragonid.eth,0,0,0,0
0x69A1709686F9ec21270b4BD82a6E34DAd2aa8f28,nathan.aragonid.eth,0,0,0,0
0x70AC2055859cD5460171D2a89134933ADd2497CA,steemcasting.aragonid.eth,0,0,0,0
0x48ec020663ed3196c41917d748f8b93a602BD493,lionhorncapital.aragonid.eth,0,0,0,0
0xeC8CD6CD9CF93A3c95260a6BBCbbb844D72cf51b,ethbo.aragonid.eth,0,0,0,0
0xB1e8dF493a58A39a696FdE29D2f7C30B64A7c9c1,mob.aragonid.eth,0,0,0,0
0xF36118847B276B41F525bb265F96Bd3730861A36,dakotaboys.aragonid.eth,0,0,0,0
0x6de186b09fE432bCc8aEf3793ab3e9Fd2D80DB4C,s.aragonid.eth,0,0,0,0
0xbE4ACD2471492AA3E42602a503FD26fD94867E14,rackfarm.aragonid.eth,0,0,0,0
0xBC240E246c7a75d7A603E64F708DB88761599449,dod.aragonid.eth,0,0,0,0
0x2B8F26BdE6e5272B46CEb607Bcd2bd00AD5eDB44,,0,0,0,0
0x9E0815c5eCa18D75da8CBD72c5AebdB6E61F8139,,0,0,0,0
0xf1DaB561a041176cBF08fdFCB3111EEaC9E4b525,,0,0,0,0
0x48b8e83CADE1Ce03a6E146d0093cEBacb9A78c4e,golestan.aragonid.eth,0,0,0,0
0xaa750636e381fBb12ECF375A3A06007C2261509c,paslardao1.aragonid.eth,0,0,0,0
0x592657e22daA0BED0D1d0894b5ac9cBb0BAa109e,siftal.aragonid.eth,0,0,0,0
0xB3675A045c7Ca356b78f4871D0d44571D90897c9,tpm.aragonid.eth,0,0,0,0
0xb2602D493a5dD4ae01b25cD7C390e1Ac09F77c7b,snasps.aragonid.eth,0,0,0,0
0x818AbF7D88680323D917a7a698af2bafe100bC6E,posdao.aragonid.eth,0,0,0,0
0x1036fa9f122Fbad90dd280055e8051653041c728,rethinktile.aragonid.eth,0,0,0,0
0xCf5F80004184c408019B8Ab6521aa6B32949C24d,,0,0,0,0
0x44FE6167684e5955E1F2aFfAfC01f176a68CaF48,syneme.aragonid.eth,0,0,0,0
0xD235dd56A810435dc16d94B8a0d6b83453EFaB3E,ali.aragonid.eth,0,0,0,0
0x4b07105f2B6B6175F74f9C32446B036068B5a724,salman.aragonid.eth,0,0,0,0
0xB58880456Addd903761BFF78b6E6B8598B8CC94f,adiwa.aragonid.eth,0,0,0,0
0x3b20e426413ec06CEDF1674E1BB671B6bf8Cfd9B,adotp.aragonid.eth,0,0,0,0
0x7Defb0398B5284cc633982B82AfA5cE339B3aA18,powerplant.aragonid.eth,0,0,0,0
0xB5586bD1ce4C6EE2eE385C7fbb730c7a92d554BF,psychedelic.aragonid.eth,0,0,0,0
0x5670D6Bd6840b356877b16bfeEAe714264A7835B,hajibrahim.aragonid.eth,0,0,0,0
0x6b59F95bb70Bd28037F865414Ed2baA58839BF28,omni.aragonid.eth,0,0,0,0
0xF3FEF6991E4911AeF69559cD573361C2CE20323B,dewhurstblockchain.aragonid.eth,0,0,0,0
0x546d544a3EF73419e3C8d1c596aB29B955Fed30f,,0,0,0,0
0xC0f075C35117cc571Ae7DB917aA090B0f7d70E1c,,0,0,0,0
0x9A8f175aE303e4D4676F8EAb5F616a832cE5aa08,,0,0,0,0
0x1BcDe27b11E8ab4513E3ED6Abba25E58cbad49bA,,0,0,0,0
0x32F4D5EB2A74aDa44a077D5351f5557709BD5121,,0,0,0,0
0xf2178176dc16eE39d1fF22167c2CC75d987a029b,,0,0,0,0
0xcCC2E86657b8cC05254A276b049384c8BF7f0870,,0,0,0,0
0x563033cD0e13956285A0Ec902a32DFeD65C25Ef4,,0,0,0,0
0xD34e0E6e88d2FF05AdF0752De7daccaf924Abf23,atelier.aragonid.eth,0,0,0,0
0xF1A064C3389832c2745C89593BC8C75E6C2080ea,asman.aragonid.eth,0,0,0,0
0xE3E2F42CCa5Dc81C27CDf0A90A01aaf8FcfF47A5,,0,0,0,0
0xfbe4E8EB761a10A02a7896593c5B0046e3696DBf,tict.aragonid.eth,0,0,0,0
0x58b39311c421eb023367f356C0D55BFf0C9A5dEf,om.aragonid.eth,0,0,0,0
0xd9aC337A78247738387f1Ce5604c101a977f7288,wetrustdev.aragonid.eth,0,0,0,0
0x0960702fE962F6DF324C0388Bd6179d8f29FF661,wenhao.aragonid.eth,0,0,0,0
0xBcc312E96fc2B38D563A42f64FDb1E745d872184,phi.aragonid.eth,0,0,0,0
0x64944345530E4B579AE10603af54AAec1ab6054e,noah.aragonid.eth,0,0,0,0
0x4A4201968CF0E65ecc328bDdd824457DFa81e626,newconomy.aragonid.eth,0,0,0,0
0xB3b0E3A8061F850F61DDa6B2FBAd87DCF3b66C1b,multisig.aragonid.eth,0,0,0,0
0x19F4D71538625c4FA70c0Ff664a7a931492272c6,google.aragonid.eth,0,0,0,0
0xd707CbD7841eFd13597c13418A0f8CD7A427033D,toko.aragonid.eth,0,0,0,0
0x6377d4210cE8d2e8d4C9D40DFbF449d653b5E525,io.aragonid.eth,0,0,0,0
0x093a8AF3aAb39e8eDB971C352f6101477A44724d,code.aragonid.eth,0,0,0,0
0xaED89A124d24895d3863595DFd91DC246DEbE3C0,cele.aragonid.eth,0,0,0,0
0x683a9bDdC7cCA8AbF708b7B3F8DAf32107991B72,wuguide.aragonid.eth,0,0,0,0
0xd57f4dec117f37e9B2B82aF19B73dF7123E476B3,,0,0,0,0
0x52aA0087cF928F261aBD9f79F8C9Be0c6C26a70B,aa.aragonid.eth,0,0,0,0
0xFAEc2614E4CeD4526aEbF0Cae282457126af1E6A,testeo.aragonid.eth,0,0,0,0
0x4b37e126429E9564b1BF110B5166520Cbc9A5Aa3,redmocracia.aragonid.eth,0,0,0,0
0x2EE9bb77da5bE1CBa42467244d30eE411db28d4e,japan.aragonid.eth,0,0,0,0
0x079433a59494476040F4f0f28D16f644c1e09EF1,dev.aragonid.eth,0,0,0,0
0x3Be9904322A0A5f1E42D87a5FF7b86076996E7bB,blankbank.aragonid.eth,0,0,0,0
0xd8e0228D262cC99280697C37EdA1e7ef653a2619,unartig.aragonid.eth,0,0,0,0
0x0b34f1cF4E566D1387A2d3f05a370bC0c21a9b1b,citizengame.aragonid.eth,0,0,0,0
0xd029E9f87866733226B2Ac63417541e58FcD7d3D,daoconomy.aragonid.eth,0,0,0,0
0xf24De6Ea74B1bCd30D30ceAf3b8D5FbAb43C13DF,,0,0,0,0
0xda4d443DceD9dC3EbD0846E3A2b0c28c8B54a0fA,,0,0,0,0
0xbB0a3e3611dD69f0B3736B48c37B5EF6D967c152,07mainnet2.aragonid.eth,0,0,0,0
0x567aF423be554B09981fD090bFE6f3DEc00Af7d6,estai.aragonid.eth,0,0,0,0
0xaFe3D54EFD68BF75ad4E0ec94E88f25289c96C2E,alexandermazale.aragonid.eth,0,0,0,0
0x040E8f18b14fdF700B54244e28eD7767d9650665,bellarockstestorg.aragonid.eth,0,0,0,0
0xF08C1412eB7583AB83Bf00Bb2257CA6b506DcFEa,monica.aragonid.eth,0,0,0,0
0x9ae8d9391b22706A6132469e75445456fd962C84,2020project.aragonid.eth,0,0,0,0
0x29d737E640ea8B789925215e940e664cd884bf12,jan.aragonid.eth,0,0,0,0
0xe8fCE9AC60c064d18D9a7E80922E31f4c87321B0,kicken.aragonid.eth,0,0,0,0
0xd6414BEb11A57a3758307DF05F39f1992f5282b2,tothemoon.aragonid.eth,0,0,0,0
0x7f64AA1f0d41B910eE20eD7Ba6776289ff8eb87B,injective.aragonid.eth,0,0,0,0
0xf9CDDf5F2fb16a9526ad069f340B436004804d66,civilwg.aragonid.eth,0,0,0,0
0x1dc00A6B3e5Ade5990cfB6f9f1fc29da60CEd736,expenses.aragonid.eth,0,0,0,0
0xdbE8b0467E73748c336f2520e66Ea757746753c2,build.aragonid.eth,0,0,0,0
0xA1EC2F0FE21712E94ff0c853FCCE4E6c9F97EA52,nordictokenalliance.aragonid.eth,0,0,0,0
0x379A0C29485eAe576885f460585E005eE56BF82E,nasasdasdvsdv.aragonid.eth,0,0,0,0
0xc2A383A3f1ddFD7456f90858dc1E4AA682dd81dD,galtproject01.aragonid.eth,0,0,0,0
0xdCcA4A50dB875872f573346f0A39d3E321564F6c,dune.aragonid.eth,0,0,0,0
0xCD8357cd604027035732bD37C91Ca20756DC9B1c,planet0x.aragonid.eth,0,0,0,0
0xb1FFdb6ED7eE9A904368De614f54f34Dd5243c8A,shirazbank.aragonid.eth,0,0,0,0
0x1aF9F3C8d2Cbb0Cc1aeb1692550cBd5B2B6a49d2,staking.aragonid.eth,0,0,0,0
0x7DeDE323cfC885e000fE52F91ac6Cf6ebad9011f,new.aragonid.eth,0,0,0,0
0x9d6A35a3de15D163f417c5a725d758783B3A3A86,blank.aragonid.eth,0,0,0,0
0xf1899912C76bCEC04B941De75a939d3387811Aea,white.aragonid.eth,0,0,0,0
0xF4416E4E93b4F28d472DeE57568d2ED740a17289,logodao.aragonid.eth,0,0,0,0
0xd6424158e148dbd8ab2cE0c3798FAA4003906AE1,cybertec.aragonid.eth,0,0,0,0
0x5e45DAA5b664360bAE8d913E56dE942d2Cf7D7c6,zeman.aragonid.eth,0,0,0,0
0xaE23446b7459a0a05fBd344E5C86a133EE81fD11,clb.aragonid.eth,0,0,0,0
0x3f26D4363CdB8BDD82C594b892CF129159A2A9Ef,governance.aragonid.eth,0,0,0,0
0x609CE561ecc9967b66E2e210274FD0EFc7E2D6b6,facebook.aragonid.eth,0,0,0,0
0x83f313dF1B726c7Cca9a7877aB3426FA8cc30fa5,nsa.aragonid.eth,0,0,0,0
0x1114FE89B276AC046487E586b767AE7F87Ef4Cf2,autonomia.aragonid.eth,0,0,0,0
0xfa6AB9f4571501Adf4c8Ad60A77b9dE23643dD0E,protocolholdings.aragonid.eth,0,0,0,0
0x16E51a5b65680E1F2f3D0140f7F52B7E7A4A905f,yasarel.aragonid.eth,0,0,0,0
0xf2D34cbD1eDa590605E4F4710017389B294705CC,baham.aragonid.eth,0,0,0,0
0x60797D4d1c37Da32A415fEFabBF6bCC5dAecC6a4,bacov.aragonid.eth,0,0,0,0
0xBA69a4806ec0549556C62306010E4e09C5ea2b58,hashpunks.aragonid.eth,0,0,0,0
0x489680E0846FA4aB1a16B9c5549E0f05Ef985bd1,mehdiali.aragonid.eth,0,0,0,0
0x8161B06192Dc6Efe8ed9ADdFDD648029C1D51942,dogeasy.aragonid.eth,0,0,0,0
0x6E167380043E20bC83953D3CC46f8cd3F0520A95,testdao.aragonid.eth,0,0,0,0
0xA067677aE044D455CC186A09d0d736349FAf5A2e,weavemail.aragonid.eth,0,0,0,0
0x46030C5B1f7BA850f0F8415339f116B9c0fEc3b2,unsungmusic.aragonid.eth,0,0,0,0
0xD5cEe6a4Ae6a1626B53bd3624E209dFE8FaBC191,megaladon.aragonid.eth,0,0,0,0
0xD8A298987fCdf519b7969D0d9Cfefd3D6D407EEE,welcometothemoon.aragonid.eth,0,0,0,0
0x54198419348ABA8684af83B250A1E02E6c5242e3,wildprojector.aragonid.eth,0,0,0,0
0x978a40600B36E430802a704Ead81a9669Af67f36,cerberus.aragonid.eth,0,0,0,0
0x2D05acE0F39b4fDFA12e4B8c339f775BF7A5027F,tokenwizards.aragonid.eth,0,0,0,0
0x701D7A957505D1c7Ae4a2AfA6443302c082eeF64,radix.aragonid.eth,0,0,0,0
0xae07f4128dE1053909e906EFBB6b7690cdD64d2f,edasty.aragonid.eth,0,0,0,0
0x59d75511f65B5A9A67C8b7a4df7fb6C1ae533bde,health.aragonid.eth,0,0,0,0
0xaD96B401c93905D0dE7b26EBD2Ba8Da2E99Cb1B9,healthbypeople.aragonid.eth,0,0,0,0
0x1f61F3066a4715c5661231fC5F9e446B83710cC7,fddao.aragonid.eth,0,0,0,0
0x7E0Cb3F419CdaB2f3DcF965452E9FA4FB0C44420,urbanparti.aragonid.eth,0,0,0,0
0x3D163210203fD467aD041CE3c5499fB9D0067662,myorg98765.aragonid.eth,0,0,0,0
0x73A7EcD1f6149b96578eb282213ba42c0cA8e07F,dharma.aragonid.eth,0,0,0,0
0x53dF6b164d8c841042b9B11c4d1a51D6B647E9f9,dharmamultisigtest.aragonid.eth,0,0,0,0
0x15346992f422766C59211Dc3B7C0FA6826d5cb2e,braavos.aragonid.eth,0,0,0,0
0x3d915E00024a9dEa3131f5A9faB7539Ebeb2C88C,universallogin.aragonid.eth,0,0,0,0
0xb515f41a77AeC212734f3D3E6FAeDc04D33904f4,thomas.aragonid.eth,0,0,0,0
0x784C16504FD1a13b4dD428BA117e95C88046B133,schouten.aragonid.eth,0,0,0,0
0x3E908a1CfE63d3EaD13Ee85706615455854c08E1,surge.aragonid.eth,0,0,0,0
0xC31691D35E890D70D2357F010406a28Ae0fcE74E,swag.aragonid.eth,0,0,0,0
0xBE803b5C3d4DaD481D2a30B2Aac396bB7f828bF6,z.aragonid.eth,0,0,0,0
0x81EFA6401415DDeC07Ee083D6cBE0005e27D75F1,worldblockchainhub.aragonid.eth,0,0,0,0
0xFD2e844458470505C702458D039093342588BD99,ngold.aragonid.eth,0,0,0,0
0x78015932c308e2452B815421dECc625CCB8eEE45,begreen.aragonid.eth,0,0,0,0
0xE09aAd8B08B6be67bD669e788b297802aBEeD380,blockrocket.aragonid.eth,0,0,0,0
0xE9180E65DA66B17522b512140C002EDF1cD9edBD,dan.aragonid.eth,0,0,0,0
0x9454e608E35ecd99A9ff9a978537eD96005ca32B,userchat.aragonid.eth,0,0,0,0
0x289b52aaFC188eF3503D1eB949c0B869cE1bA860,stefan.aragonid.eth,0,0,0,0
0xd209cb89DCadf36edCC75B61F1F11CAdbDe6239D,worknbtest.aragonid.eth,0,0,0,0
0xbc098265f91db4c62Dc712ee3E1A601940710aC7,testing123.aragonid.eth,0,0,0,0
0xA9c2BA4D04843139957eF2499fF1a4136012B21f,etherize.aragonid.eth,0,0,0,0
0xCc75a8f68e5e4E2a0cc5E9178B3f6a1b69EeEED9,security.aragonid.eth,0,0,0,0
0x5cF3C8d3fcE39b5BcF759DE681d752cD1385fE02,waystoneinn.aragonid.eth,0,0,0,0
0xC7FB70B0635BCdFA658A1C91f3500d2ab8E1f6Fe,esportsedu.aragonid.eth,0,0,0,0
0x2DC19998dC33109a7C03feD1015e86E585AF5aEB,nanodevelopmentfund.aragonid.eth,0,0,0,0
0x6df94ac978e3c11aCF2845C613Cc0d46dd19E23c,transcendentinvestments.aragonid.eth,0,0,0,0
0xBc2c541Cac5e6D8da964Acde3C8278E5232c20AD,sepia.aragonid.eth,0,0,0,0
0x787FD87eEe66c8b9223a4eeC05dd19b1A560cbBd,testv.aragonid.eth,0,0,0,0
0x0Ce2ced17231a78bB84924E83DA04b1d1c2569a0,binance.aragonid.eth,0,0,0,0
0x77832e1786f84B3aaC0Bf0AdC4FC38a4af538073,brokerdao.aragonid.eth,0,0,0,0
0x9A0ba0856b26D6F11872e4C17AdFE49fD97bd697,,0,0,0,0
0x8290A05Bad81f479D0417bE83185868E8354Ca7b,goldenlight.aragonid.eth,0,0,0,0
0xc0db5880f12f1Ea33B859C7e90aE4f18e2964532,thediamant.aragonid.eth,0,0,0,0
0x248Da50967C8074B87E12a73F47332cC496eBfad,buyfrom.aragonid.eth,0,0,0,0
0x49d9D025888b55Bff47A81C7f49c85769d9D6ab2,ambientreflex.aragonid.eth,0,0,0,0
0xa1d9F81175e676445a4CbC66f9cAdC9D5E3d9629,testing12345.aragonid.eth,0,0,0,0
0xa137aDCa094a8B10F1069213bdF0b18564E9Fec6,wavescat.aragonid.eth,0,0,0,0
0x4420f54b1d1326f81a73b1Fda8ED70D04e5f1853,twodudes.aragonid.eth,0,0,0,0
0xB6e652d120ee567803364b8Bb85476d6Be0e45FC,primal.aragonid.eth,0,0,0,0
0x151F11b572F84F06470b40cccD4b5A9Afd7C49f1,eventheodds.aragonid.eth,0,0,0,0
0xF9275829AE9d27aD3A1Bb8fa29787835efc0F1a8,trixta.aragonid.eth,0,0,0,0
0x8dD8A5dcde0181564387fD04B6290d74ED76629a,zerion.aragonid.eth,0,0,0,0
0x289F46f706d5b6097E71eA435A3a7F4a0065E335,blockada.aragonid.eth,0,0,0,0
0x82b3403a8CAa19F996D656A605CA555FC3C797DE,soundly.aragonid.eth,0,0,0,0
0x140e76c286e6A76AB8bE8196A04CcC5F601C8C32,defi.aragonid.eth,0,0,0,0
0x6c46ac4A89527717Bcc0fD8aEC4d3820Bf1bEbd8,blabs.aragonid.eth,0,0,0,0
0xC0E854e6ef9d91732F7A7fC52298bfC8C45181C2,anki.aragonid.eth,0,0,0,0
0xf5835A0196F772F8F9F346dc6Ce0c8B745A1A85b,f.aragonid.eth,0,0,0,0
0x60232dABCc9bB71D58253e53c8867A08A9d4F2d1,community.aragonid.eth,0,0,0,0
0x62212E5Ff7e09A11aB971b3D130cc12F726323e4,paulmds.aragonid.eth,0,0,0,0
0x2795bAf1C77ae3E8642970b66E655695cAcBeDcc,mylife.aragonid.eth,0,0,0,0
0x53562ecD4BB24b5d347774aeD1aF18549972bF36,avvps.aragonid.eth,0,0,0,0
0x603AF9a2719A8714B6d99E50ABB6530F5691D3a4,yangbucks.aragonid.eth,0,0,0,0
0x0aBbdaC07855D504dBEB0A9f7d748ca0711DAf94,product.aragonid.eth,0,0,0,0
0xfCd62f875aba2dE107B03618005801E365Dc81A4,,0,0,0,0
0xf647142cdB71E6e6ae35DdDd5C7f59164d9D57e3,,0,0,0,0
0xD5b5a353b88e5489e705a17c6d1AB1A45B81650C,violeto.aragonid.eth,0,0,0,0
0xC0b792533dB1664A6c18574ED668Ae4f8286436f,superteam.aragonid.eth,0,0,0,0
0xf68dEE584C3B560cf34185F0FcE7a73cA4022F82,unitedpeople.aragonid.eth,0,0,0,0
0xD3A1384a85bd94fc0B89b59F9b08bf5a15e130e0,samsung.aragonid.eth,0,0,0,0
0x60fe4B08C41174f8B3613D12CcC26505d4F531A2,bacov2.aragonid.eth,0,0,0,0
0x5b8d8f1D18Aa21112d8bF3DBAA0A9758E281ac4E,ethcon.aragonid.eth,0,0,0,0
0x97c3a6b2Bc018386E93c029CE3bD5b32E599eE87,nmd.aragonid.eth,0,0,0,0
0x0B2a49007015431991eDb839df5a9Abd2Bd3c232,testtest.aragonid.eth,0,0,0,0
0x138c6a5228CaF333A38fA0560b6f2C88ed97a613,demoday2.aragonid.eth,0,0,0,0
0x2A709C95750e63d9B31B83704321ffbCB5f18eD5,demoday.aragonid.eth,0,0,0,0
0xF157EeDA8E6a2d73E17D22e098bEa619896f740E,nebulasdao1.aragonid.eth,0,0,0,0
0xC9c69ac969FC2CCD457dA62e30B428b29e33A62d,company.aragonid.eth,0,0,0,0
0xFfd943ea0362eA0Eef463E169394AE7ab6fBC35E,ds.aragonid.eth,0,0,0,0
0xA8D2220e24c8ecE94d4702E35D62519eE91D3265,nzblockchain.aragonid.eth,0,0,0,0
0xcfc8018AA61ed4943fAD8212Af2A061C00596e4B,swisscrowd.aragonid.eth,0,0,0,0
0x16B9787BAfAFc2ee96F4f3c36ee14e182Ece563e,ethimpact.aragonid.eth,0,0,0,0
0xF652CAe3113FD98F561e01F2eCf16B3b54007132,quidli.aragonid.eth,0,0,0,0
0xe026aCEec426D48e68E1887Cbc4ed0A8Bc88c55B,livepeerswarm.aragonid.eth,0,0,0,0
0xA8C8C2D6399E11147733fD992B8C7e1dcf5738d7,ethereumspeechrecognition.aragonid.eth,0,0,0,0
0x7F1aEAfC6cd41C156880C407F45AC595197E97e7,lace.aragonid.eth,0,0,0,0
0x2028F743940E0f1369D9F5FDBA514Cc065d6F422,daodashboard.aragonid.eth,0,0,0,0
0x1cdff4DB78F348630280a9a1591c1Ac0E761CDEf,comunitaria.aragonid.eth,0,0,0,0
0xAb9040767FCbb93966BAf8DEeE5E6983dF52aA35,nqpz.aragonid.eth,0,0,0,0
0xA599840112F5f5454e0aCEAe4b9985b99D46e1c1,bbsip.aragonid.eth,0,0,0,0
0xa7565036991bE2Fe5bDFA2429b29A782Bf68396B,fundao.aragonid.eth,0,0,0,0
0x76Be3dc0211CE7c2D03f94B465B0d1E0B8f9398A,museumdistrict.aragonid.eth,0,0,0,0
0xEC77C7D0d43068858c3F4f30aB8Da95976967a04,kelshagroup.aragonid.eth,0,0,0,0
0xA42CF61d012aF7130e853679cdDA4Ce579A8CE58,speechrec.aragonid.eth,0,0,0,0
0xB2D97B14128685d2b2dA0508e6C7C105b953F79e,liberland.aragonid.eth,0,0,0,0
0x04380f30E6BcE0c922182d52AB130A1c716c7FbE,oxse.aragonid.eth,0,0,0,0
0x89C4aAEA503726A3452C382b4B953361A2d64750,xanthos.aragonid.eth,0,0,0,0
0x427469Caef1Bc5D1a6CdB6Aba3315af11Cf8A282,xorderrr.aragonid.eth,0,0,0,0
0x7e500801551f36BFcA81e16863D348ddd958fD83,hashedge.aragonid.eth,0,0,0,0
0xEAfD3F4aE90dB7fA7002277A710ae07611fb4F26,architecture.aragonid.eth,0,0,0,0
0xb01F9Ee9b14EDC067715714E2216c5232E4A8e5C,leanblockchain.aragonid.eth,0,0,0,0
0xB154086DE9aB37e4108ee1aAA8fFF19C115b0e3B,sprout.aragonid.eth,0,0,0,0
0xAA5eA7e25Ac03cB57775D651a975A99f319CBc10,district0xtest.aragonid.eth,0,0,0,0
0x41B349D562f24f49705E4eFdbc94350FFb76e8a4,crypto2100.aragonid.eth,0,0,0,0
0x4C40827b8b80D5f7604CB4cEAcee05f82aAf5531,gcoin.aragonid.eth,0,0,0,0
0xdEddC54C5D35E1c7176d33eB737D52fA3AB3B7bC,fortress.aragonid.eth,0,0,0,0
0x34E317Cd16734eA5FadeA08a60C7753CF6d18a3d,proto.aragonid.eth,0,0,0,0
0xe0EDCe5A400C39D0a5bAD239CcF361adDDff0a0f,specialbank.aragonid.eth,0,0,0,0
0xacf82EdCa95414E1A6629C38e6bB2Ce55c753dEf,alicedao.aragonid.eth,0,0,0,0
0xE1248aDB739985c6d2D39A3Af5821fF33F561Bc3,scelomo.aragonid.eth,0,0,0,0
0xeD3B94155ae31735B9279f2452102514b39C79F4,pacta.aragonid.eth,0,0,0,0
0x18B42Ac58bF54F992947eb0C427D8cf4b9DdF4f6,daonuts.aragonid.eth,0,0,0,0
0xb59C178fC2340D44D6620b6deBaDEe2b7875b166,kurdao.aragonid.eth,0,0,0,0
0x4f47a21c857ca80311A59986A09e05c8D510ef12,obd2020.aragonid.eth,0,0,0,0
0x3D2b8325B1EfC21f00b752788Cc43be780ae986E,colombiaesjoven.aragonid.eth,0,0,0,0
0xA96B1873B3C5D069257D8983951460F7ce7D8c73,ethtrader.aragonid.eth,0,0,0,0
0xc46c7447B27afe66A84368b86BeeCBCC340CF0b0,collective.aragonid.eth,0,0,0,0
0xb26A7d885119123dfC4A3dD89c5B4BE3560C8c28,art.aragonid.eth,0,0,0,0
0x3a909503281361D051283915c46dC4650320416b,turnupsalon.aragonid.eth,0,0,0,0
0xfbAE32D1cDE62858bC45f51eFC8Cc4Fa1415447E,camino.aragonid.eth,0,0,0,0
0x8250ada14C7Aa1E047c2aeF24a9d388242C05b9D,merklizerxyz.aragonid.eth,0,0,0,0
0xe6705acCE33201234161f0B68D3C9818acaa8Db5,narwhal.aragonid.eth,0,0,0,0
0xE9AeC07Cf3a01ACDa8A03118ae31EB0c00FBdAB9,tryout.aragonid.eth,0,0,0,0
0x90C5Af5d068A9B7e8531Ad6B52205d5B8Bea1e88,acme.aragonid.eth,0,0,0,0
0x0b5e939D7189113eBDA50A20a12f4Dbc17563643,realty.aragonid.eth,0,0,0,0
0x9388A019324AD91101DB9f63ea4E4e603F612Bb4,cat.aragonid.eth,0,0,0,0
0x354FC643FB8Afe6A04aaF475C4a87B7DF7580302,orca.aragonid.eth,0,0,0,0
0x525c52a977705a023211ddD5Ce0c28438E248020,metamension.aragonid.eth,0,0,0,0
0x06501b9a5c3b2F3e8F6DA6A09F8831c50515b87E,daodom.aragonid.eth,0,0,0,0
0x9288b6afAc72E3cc08FeAacA22A4cE5B0Eb172B3,lowdown.aragonid.eth,0,0,0,0
0x3BE3d3Dd4995a60a0A8CECA34f2aE754E331c535,cryptomondays.aragonid.eth,0,0,0,0
0x7ffC5475Fb41cDA8D1f4e243A7fE217C7a864f91,mchmg.aragonid.eth,0,0,0,0
0x2ad1A2e3DB57c91753110C60AE0bb8A46A90902e,tokensense.aragonid.eth,0,0,0,0
0xb089711b8668E6C4214292F7c46F12359039458d,trakx.aragonid.eth,0,0,0,0
0xB059d0B7AEb1Ec69117cE56Cb28C75957AEB874C,0day.aragonid.eth,0,0,0,0
0x1041b8fB62d4997D9d5D998dC668C5e1CaC8A0F0,entrociter.aragonid.eth,0,0,0,0
0xf766466CEEbBb73176DC4B992A2b59b60E150fbf,redcactus.aragonid.eth,0,0,0,0
0x4443b05e5825afb8Ea2C02F6D9b01290E8a86f96,securitas.aragonid.eth,0,0,0,0
0x62019C3f9D57D31180D30dc0722b8c0830fB6A71,foolish.aragonid.eth,0,0,0,0
0x68BD04E46f54e8087a14Ba65164CBE80945aC6AB,centrifugelabic0.aragonid.eth,0,0,0,0
0x25A15c791D3C0D65fC06250501941b1c8c7EB42b,tunisie.aragonid.eth,0,0,0,0
0x944E722E0357ED7C72eE6D41F61644c53a16909d,beneficent.aragonid.eth,0,0,0,0
0x42311e9446E376d603f4ED9ad09b8d951E39C796,sarahmills.aragonid.eth,0,0,0,0
0x7decb6c62d7cbC42B89F2FAC5b727e3546aac5C5,social.aragonid.eth,0,0,0,0
0x6547CB8fA436628bd3d27913099c717f20E758Cb,transition.aragonid.eth,0,0,0,0
0xB5969Ef984FDD73Ba68f70BaD35cDf48a61ca6Df,intell.aragonid.eth,0,0,0,0
0x437Fd7A756A82B0bA00598c30b3ce866B3F10378,charidao.aragonid.eth,0,0,0,0
0xef7cC7A36C7da1348a2DC48a56F0b14d041ce0b3,chatnoirdigital.aragonid.eth,0,0,0,0
0x233e5E9042ffA5E06c8E0d3b3b11861216580e85,stir.aragonid.eth,0,0,0,0
0x8F9967C85aADcC0dB0aF3cFae6F171B98965fcF5,ib.aragonid.eth,0,0,0,0
0x08AA89cB197a196f76CAEA33ef1E1704d1f5a451,axialabs.aragonid.eth,0,0,0,0
0x9dDe16d6Cd075d5Eb1a9A9f57CFBAd8442CEa83a,osakainterface.aragonid.eth,0,0,0,0
0x9e00EcC3CdD26810F3Aa9b035FD8Edbdb00e60a6,autus.aragonid.eth,0,0,0,0
0xc2abF2985d8119A67DbC505437A55b99aBA8AB0D,firstedition.aragonid.eth,0,0,0,0
0xf9eD3C68fc981Be98E6b88973e5F26bFd9a1D439,voronkovventures.aragonid.eth,0,0,0,0
0x8774DdAf8940b8756b58d95564F3f027201045b6,peace.aragonid.eth,0,0,0,0
0x6bB8d0C28421afFBFa5464456a45452B770C7E61,love.aragonid.eth,0,0,0,0
0x07Be203fc1f274d353064D140DAe2e231562a446,achtplus1.aragonid.eth,0,0,0,0
0x62AECe134772B8afce259dDfeAE6bc95ef9D5087,decentrep.aragonid.eth,0,0,0,0
0x49823905751d253905352FE4D16c2ecf3A3E37e6,ournation.aragonid.eth,0,0,0,0
0x215aa28BF1634CF11BFA514DA360ba2190179A5E,sadin.aragonid.eth,0,0,0,0
0x15f2C0b3B3766f89E8DEdBC6f793c84E1E0773d4,realtydao.aragonid.eth,0,0,0,0
0xe5eBeE598bd3D0889509032Eb76a1A715e007d17,bits.aragonid.eth,0,0,0,0
0x6820E9B0Cd1A5fF29a384B6298eD126181B81c1A,birthdaytracker.aragonid.eth,0,0,0,0
0xAef0f8F7F67840d0B655D8913e78d8370c58EAfF,medusa.aragonid.eth,0,0,0,0
0x3E499eAf5626f8A8AcC694F69A6b53e645714af1,cub.aragonid.eth,0,0,0,0
0x7A293991d4f4564dEE891908EE22621Ae83c12BB,zebra.aragonid.eth,0,0,0,0
0xa56C9E3dd1ec32fC4D067C32Fc27c7d7F429Da58,waken.aragonid.eth,0,0,0,0
0xD79c3CE377C988cD68345133CD8E9c3960ea60Bf,mwtdao.aragonid.eth,0,0,0,0
0xD7CeB8C771DcC775c11Fd68c68d2F79f3BFa9387,wealth.aragonid.eth,0,0,0,0
0x941fa15fC97fb0EEA6373d9a2F442f8aA4Be6435,bande.aragonid.eth,0,0,0,0
0x12939E269CFc39Ca5D3d9a05ee4915a64339b26a,unitedworldgroup.aragonid.eth,0,0,0,0
0x153eA76982f97997db597c979B3990059D8f92c4,panacea.aragonid.eth,0,0,0,0
0xe4C5B8C54715B0D8c50C3aafa33183225BC2A601,port.aragonid.eth,0,0,0,0
0xe7A01eD8F24ACbB123cfBeC807f82945A32823E7,adeptcamp.aragonid.eth,0,0,0,0
0x478BBF75724E5Eae7Ce12CfEC4BE371eb60F3963,gnometest.aragonid.eth,0,0,0,0
0x4A724cB3A89fF4770a86eebaB5386e119ab53589,studiotoken.aragonid.eth,0,0,0,0
0xf2ab1786fcbce760dAdF232E9aBE792F6fFE636c,viiandsky.aragonid.eth,0,0,0,0
0x209742d89a95E55312ee35ACAcf49F6041e476aB,jckim.aragonid.eth,0,0,0,0
0x2e368C4F1EaB657aEEEb20d071EC3E1D4983a076,openingdesign.aragonid.eth,0,0,0,0
0x469B8B9DBC13622f594436BCc06a7079f2cc8c41,tbpn.aragonid.eth,0,0,0,0
0x2532e1fb4Aa4b36E2dcE7CDd05394D6b58AABa74,a.aragonid.eth,0,0,0,0
0x958bB05E340b540D6f9A87f6Ff0eC73fca272660,onchaintoday.aragonid.eth,0,0,0,0
0xBaD7355807EE681667C5472D06a66B663909c96c,lionheart.aragonid.eth,0,0,0,0
0x13daC91D7B6e8d2502466fBA51dB268E80b5B773,idateal.aragonid.eth,0,0,0,0
0x7362Dd41c8e52eB9AD4D17C631b9b6A067AE0b6F,ccm.aragonid.eth,0,0,0,0
0xf00f8A49604a4efbD55C20f147fC270fF8584cdC,test101.aragonid.eth,0,0,0,0
0x73170933B4697B43b62574783A86f2814FaeD49a,crdao.aragonid.eth,0,0,0,0
0x5Fd6f04F4898337089f62516B3Be923257e00df2,test19.aragonid.eth,0,0,0,0
0xb56c9C30EAEc317Ac1565726298ABd20f871C74a,cambria.aragonid.eth,0,0,0,0
0x84f43B65965587f66acA08AF1B1E61fBC2a120F5,hedgeseed.aragonid.eth,0,0,0,0
0xE5D5f4EF885e4e2DC8cc9490A194aE8DB5194361,marsuniversity.aragonid.eth,0,0,0,0
0x9c7C29188BF4CBdB415594b4dC102e43E54AE9A5,gestaltfund.aragonid.eth,0,0,0,0
0x34b289a707395c100e664cA1be439092dE311237,likecoin.aragonid.eth,0,0,0,0
0x7C386D07b57c542762A71D8276626993f2c49720,ancap.aragonid.eth,0,0,0,0
0xCBbAe1B0daCA3c81d95aae965e5fA52c6e74C476,blockchainsociology.aragonid.eth,0,0,0,0
0x24e5D5599CA691817661bff39182eA361e3BFFa0,itsme.aragonid.eth,0,0,0,0
0x6827F2B4CEc31914e0971654ae578A8B85b12dA0,hongkong.aragonid.eth,0,0,0,0
0xCb121CC7DC8d20d799102060a6A1CDf71D7D276e,magdalena.aragonid.eth,0,0,0,0
0x0AB2381e84A8E854DBB6C20E07Cd31c7b427c4Dc,testgorilla.aragonid.eth,0,0,0,0
0xb8720BAe5F8C12D66b53aE917389cfC20D626d71,colourfreak.aragonid.eth,0,0,0,0
0xB4752c4ebb059dacF2C041E2Af0C29a11933ff17,saturn.aragonid.eth,0,0,0,0
0x732d2853d3A4d177728a4A245c75dCD547763FF6,overseer.aragonid.eth,0,0,0,0
0x144Cfb064A61Ac8E2FfdeE99dC32834b40dF1b64,gigafometest.aragonid.eth,0,0,0,0
0xFAbADBaa404Dad49be646300456d60CFBA8372d2,theday.aragonid.eth,0,0,0,0
0x11b533ECBdd796370F264d511281Cc69091c35bc,,0,0,0,0
0xa124C0A626DAC97bD45edA0d3a1FDc7BA479771F,origen.aragonid.eth,0,0,0,0
0xd67e7C69e7daA2b6e631fBa286445dC399265c75,dexfreight.aragonid.eth,0,0,0,0
0xc725187F0443eC937543651a46f8eE3F778f8419,,0,0,0,0
0x0108440017c14a0B46563af9202EE7772771df26,,0,0,0,0
0x3A9a76248244740885d0d271f585bEDcD34354E4,u1.aragonid.eth,0,0,0,0
0xe0FC05149bEC0c849AE2D722Feb323199db0084C,biom.aragonid.eth,0,0,0,0
0xc59588897516dfDE658fED4f44B410daD42E780f,wisemind.aragonid.eth,0,0,0,0
0x352a145B6e5CdA6Caa9F0af1e7e708772cBD7174,tango.aragonid.eth,0,0,0,0
0x4B046898E49c0DC3129927B737fe71B7cED72F29,waterloo.aragonid.eth,0,0,0,0
0x8E133BF41faDACEE7A33Df8FCce60A3ddebFC416,mobiletest.aragonid.eth,0,0,0,0
0xFeBCBB8B7847660C798D35dEf2dcB1EcfdC7388F,adapd.aragonid.eth,0,0,0,0
0x162f645CfC8BB15Bbf2757d24D1947BEdF835413,996icu.aragonid.eth,0,0,0,0
0xD26694F27e7193479E9d4ab65100EeA6C77F7F0C,hempseed.aragonid.eth,0,0,0,0
0x49Ca9E6b081dF29f6304dD3AdeDEF6B7417d50Fc,s33d.aragonid.eth,0,0,0,0
0x00B424842685F69912cFd93af7293602c973BF56,blackfridaymovement.aragonid.eth,0,0,0,0
0x178EdC4929bc6c16e00Df5a45bFf52dc24e29f1f,rramos.aragonid.eth,0,0,0,0
0xaE76F72520fe71d725033423382d9e9e5eA9EC50,kriptotxapela.aragonid.eth,0,0,0,0
0xb038ac2B151Ae773AAb60d90e79c782f0f73fE81,millennialvisionaries.aragonid.eth,0,0,0,0
0x5A1b4C3b468159C810794b7b68114Cb2D8c69064,gretadao.aragonid.eth,0,0,0,0
0xc1F4bD48D3D14E6DA210f09409c4df7Bec511d9e,greta.aragonid.eth,0,0,0,0
0x855a893Ed129a44e47fef2F545C88F94C41a0B19,pkg.aragonid.eth,0,0,0,0
0x3ab8861e81D089C1975eff5BdF12d862e1d53564,marketprotocol.aragonid.eth,0,0,0,0
0x3553fA636DAb77b40dA1e5141C037e71934C463d,helmetfund.aragonid.eth,0,0,0,0
0x87f660f2db975A17094A41507B55f9a41C475E61,saintfame.aragonid.eth,0,0,0,0
0x9b3211c5Adb61d492184d3A33dC967A4dF181527,gastest.aragonid.eth,0,0,0,0
0x0cF310E6E87db4BF841cC73F99f83ECE6fd29408,rhizome.aragonid.eth,0,0,0,0
0xB754d275D3Ae0B532b2Ff97060e234960EFE1472,,0,0,0,0
0x97bd7837fc02Eb5633FD5db65d8248503e9f0c74,,0,0,0,0
0x479E2B87f610a449bE23682d4EB39F06353BE7Bc,,0,0,0,0
